"","km_sq","easting","northing","nR","nSpp","minyear","maxyear"
"1","NM8363",183000,763000,44,13,2000,2017
"2","NM8464",184000,764000,35,11,2000,2014
"3","NM8364",183000,764000,41,13,2000,2013
"4","NS0138",201000,638000,86,14,2000,2017
"5","NS0137",201000,637000,53,13,2000,2017
"6","NM4784",147000,784000,35,12,2000,2009
"7","NM4884",148000,784000,85,13,2000,2017
"8","NR7486",174000,686000,14,6,2000,2012
"9","NR7283",172000,683000,133,21,2000,2016
"10","NR7385",173000,685000,76,17,2000,2016
"11","NR7384",173000,684000,104,16,2000,2017
"12","NR7284",172000,684000,41,8,2000,2016
"13","NM7172",171000,772000,5,5,2000,2008
"14","NM5660",156000,760000,35,15,2000,2016
"15","NM7384",173000,784000,3,6,2000,2010
"16","NM7185",171000,785000,7,9,2000,2017
"17","NM9080",190000,780000,10,9,2000,2014
"18","NM9081",190000,781000,6,9,2000,2015
"19","NM8981",189000,781000,3,5,2000,2014
"20","NN0263",202000,763000,7,6,2000,2016
"21","NM7433",174000,733000,12,10,2000,2015
"22","NM5361",153000,761000,44,12,2000,2017
"23","NM5562",155000,762000,10,10,2000,2016
"24","NM5262",152000,762000,6,8,2000,2017
"25","NR1652",116000,652000,3,6,2000,2011
"26","NG7012",170000,812000,25,11,2000,2008
"27","NG7115",171000,815000,9,9,2000,2015
"28","NG6910",169000,810000,4,6,2000,2017
"29","NG6001",160000,801000,3,3,2000,2014
"30","NG7201",172000,801000,5,9,2000,2000
"31","NN0279",202000,779000,12,12,2000,2016
"32","NM9753",197000,753000,33,13,2000,2014
"33","NR4173",141000,673000,11,14,2000,2015
"34","NN0559",205000,759000,4,6,2000,2013
"35","NM7561",175000,761000,24,9,2000,2005
"36","NM8263",182000,763000,40,13,2000,2017
"37","NM5561",155000,761000,5,7,2000,2015
"38","NM8167",181000,767000,5,3,2000,2017
"39","NM7968",179000,768000,44,15,2000,2017
"40","NM6964",169000,764000,17,12,2000,2017
"41","NM6485",164000,785000,3,7,2000,2016
"42","NG7215",172000,815000,8,10,2000,2015
"43","NM4099",140000,799000,12,10,2000,2017
"44","NG7315",173000,815000,6,8,2000,2015
"45","NN1157",211000,757000,60,18,2000,2017
"46","NN1257",212000,757000,37,15,2000,2017
"47","NN1256",212000,756000,55,19,2000,2017
"48","NG5414",154000,814000,6,9,2000,2012
"49","NN1156",211000,756000,64,18,2000,2017
"50","NM9079",190000,779000,5,2,2000,2003
"51","NM9179",191000,779000,3,3,2000,2007
"52","NM9279",192000,779000,22,12,2000,2016
"53","NM7967",179000,767000,4,1,2000,2011
"54","NM7869",178000,769000,8,5,2000,2015
"55","NM7868",178000,768000,26,14,2000,2011
"56","NM8373",183000,773000,78,16,2000,2008
"57","NM8473",184000,773000,64,14,2000,2008
"58","NM8782",187000,782000,3,5,2000,2009
"59","NR4970",149000,670000,5,11,2000,2011
"60","NR2558",125000,658000,15,7,2000,2011
"61","NR4863",148000,663000,3,4,2000,2017
"62","NR3546",135000,646000,15,10,2000,2004
"63","NR3445",134000,645000,6,6,2000,2011
"64","NR3545",135000,645000,10,10,2000,2011
"65","NM7308",173000,708000,5,7,2000,2014
"66","NM7408",174000,708000,6,5,2000,2011
"67","NS0146",201000,646000,5,8,2000,2017
"68","NS0136",201000,636000,4,3,2000,2016
"69","NM9641",196000,741000,4,1,2000,2001
"70","NM9935",199000,735000,8,6,2000,2012
"71","NM9142",191000,742000,4,1,2000,2001
"72","NM3840",138000,740000,3,5,2000,2006
"73","NM4040",140000,740000,3,5,2000,2010
"74","NM4038",140000,738000,3,8,2000,2001
"75","NS3178",231000,678000,23,14,2000,2017
"76","NS3235",232000,635000,234,18,2000,2017
"77","NR7556",175000,656000,6,10,2000,2013
"78","NR7656",176000,656000,5,6,2000,2010
"79","NR7557",175000,657000,7,6,2000,2007
"80","NM7435",174000,735000,20,11,2000,2014
"81","NM8027",180000,727000,4,4,2000,2014
"82","NM3348",133000,748000,8,7,2000,2009
"83","NM3120",131000,720000,3,4,2000,2011
"84","NS2152",221000,652000,8,3,2000,2016
"85","NS3236",232000,636000,72,14,2000,2017
"86","NS3237",232000,637000,83,13,2000,2017
"87","NS2073",220000,673000,6,9,2000,2013
"88","NS3368",233000,668000,3,5,2000,2007
"89","NS3083",230000,683000,11,12,2000,2017
"90","NS3181",231000,681000,3,3,2000,2017
"91","NN0726",207000,726000,3,2,2000,2011
"92","NN0827",208000,727000,9,10,2000,2016
"93","NN0826",208000,726000,8,6,2000,2016
"94","NM9328",193000,728000,3,4,2000,2017
"95","NN0030",2e+05,730000,9,7,2000,2017
"96","NM9945",199000,745000,86,17,2000,2017
"97","NN0045",2e+05,745000,183,19,2000,2017
"98","NS3153",231000,653000,9,9,2000,2017
"99","NS3242",232000,642000,5,3,2000,2016
"100","NN2727",227000,727000,3,2,2000,2013
"101","NS1967",219000,667000,10,7,2000,2013
"102","NN0450",204000,750000,5,4,2000,2012
"103","NS1754",217000,654000,6,11,2000,2013
"104","NS1858",218000,658000,3,6,2000,2009
"105","NS2882",228000,682000,3,3,2000,2012
"106","NN2904",229000,704000,3,4,2000,2016
"107","NR8590",185000,690000,4,5,2000,2012
"108","NM5924",159000,724000,12,12,2000,2017
"109","NR8195",181000,695000,3,4,2000,2012
"110","NR8194",181000,694000,5,4,2000,2017
"111","NM7600",176000,7e+05,12,7,2000,2013
"112","NR7599",175000,699000,5,11,2000,2017
"113","NR7699",176000,699000,3,5,2000,2007
"114","NM2943",129000,743000,6,5,2000,2009
"115","NM2741",127000,741000,35,9,2000,2016
"116","NM2842",128000,742000,23,11,2000,2017
"117","NS0045",2e+05,645000,4,8,2000,2012
"118","NM5169",151000,769000,18,10,2001,2002
"119","NM5069",150000,769000,15,10,2001,2004
"120","NM6852",168000,752000,73,14,2001,2008
"121","NM6851",168000,751000,82,16,2001,2016
"122","NM6752",167000,752000,80,14,2001,2008
"123","NN1091",210000,791000,92,17,2001,2016
"124","NN1291",212000,791000,107,17,2001,2017
"125","NM7969",179000,769000,25,12,2002,2007
"126","NN2088",220000,788000,9,6,2001,2016
"127","NN2481",224000,781000,9,4,2001,2016
"128","NM5462",154000,762000,11,10,2001,2017
"129","NM5761",157000,761000,4,5,2001,2003
"130","NM6863",168000,763000,7,7,2001,2010
"131","NM5461",154000,761000,11,11,2001,2015
"132","NM6670",166000,770000,5,8,2001,2013
"133","NM4469",144000,769000,15,9,2001,2016
"134","NM5269",152000,769000,16,10,2001,2013
"135","NN2089",220000,789000,4,5,2001,2006
"136","NM9380",193000,780000,12,4,2001,2015
"137","NN0280",202000,780000,8,16,2001,2016
"138","NN0282",202000,782000,4,4,2001,2016
"139","NM9182",191000,782000,4,8,2001,2012
"140","NN1468",214000,768000,8,6,2001,2016
"141","NM9181",191000,781000,4,11,2001,2016
"142","NM8581",185000,781000,3,3,2001,2015
"143","NN1261",212000,761000,9,5,2001,2017
"144","NN1862",218000,762000,5,4,2001,2017
"145","NN1481",214000,781000,16,11,2001,2017
"146","NM5661",156000,761000,7,8,2001,2017
"147","NM5961",159000,761000,23,15,2001,2017
"148","NM5963",159000,763000,3,6,2001,2004
"149","NM9465",194000,765000,4,7,2001,2010
"150","NM4787",147000,787000,5,6,2001,2008
"151","NM4786",147000,786000,8,10,2001,2013
"152","NM4788",147000,788000,4,5,2001,2014
"153","NM7461",174000,761000,29,16,2001,2013
"154","NN1577",215000,777000,7,7,2001,2008
"155","NN1678",216000,778000,5,4,2001,2005
"156","NN0791",207000,791000,5,6,2001,2009
"157","NN0891",208000,791000,3,4,2001,2009
"158","NM8067",180000,767000,5,3,2001,2005
"159","NN1682",216000,782000,3,5,2001,2009
"160","NM4167",141000,767000,6,7,2001,2016
"161","NM6691",166000,791000,35,12,2001,2017
"162","NM4863",148000,763000,4,5,2001,2007
"163","NN0871",208000,771000,13,6,2001,2015
"164","NN0971",209000,771000,21,12,2001,2014
"165","NN0970",209000,770000,16,8,2001,2009
"166","NM7071",170000,771000,22,10,2001,2004
"167","NM7072",170000,772000,14,9,2001,2007
"168","NM8262",182000,762000,3,3,2001,2003
"169","NN0792",207000,792000,5,6,2001,2017
"170","NN1191",211000,791000,10,9,2001,2015
"171","NN1390",213000,790000,4,4,2001,2014
"172","NN2795",227000,795000,3,2,2001,2012
"173","NN1784",217000,784000,8,7,2001,2017
"174","NN1884",218000,784000,3,2,2001,2017
"175","NN1883",218000,783000,3,3,2001,2017
"176","NN1983",219000,783000,5,5,2001,2017
"177","NN1383",213000,783000,23,16,2001,2017
"178","NN1382",213000,782000,6,9,2001,2010
"179","NN1482",214000,782000,14,12,2001,2017
"180","NN1582",215000,782000,6,9,2001,2014
"181","NN1476",214000,776000,9,5,2001,2016
"182","NN2279",222000,779000,3,5,2001,2009
"183","NH2002",220000,802000,4,8,2001,2016
"184","NH2402",224000,802000,3,4,2001,2016
"185","NN1379",213000,779000,7,11,2001,2016
"186","NN1479",214000,779000,3,3,2001,2011
"187","NG7016",170000,816000,4,4,2002,2013
"188","NM9344",193000,744000,3,4,2002,2011
"189","NM8323",183000,723000,4,6,2002,2016
"190","NM4527",145000,727000,6,8,2002,2010
"191","NM8424",184000,724000,3,4,2002,2017
"192","NM9243",192000,743000,6,6,2002,2017
"193","NN0120",201000,720000,3,2,2002,2017
"194","NM7064",170000,764000,3,3,2002,2003
"195","NM8725",187000,725000,6,4,2002,2017
"196","NM4045",140000,745000,11,7,2002,2014
"197","NM8453",184000,753000,3,3,2002,2016
"198","NM9991",199000,791000,3,5,2002,2017
"199","NN0425",204000,725000,3,3,2002,2014
"200","NN0324",203000,724000,6,4,2002,2017
"201","NM9258",192000,758000,3,4,2002,2010
"202","NM9143",191000,743000,3,5,2002,2013
"203","NM4427",144000,727000,4,10,2002,2016
"204","NM4727",147000,727000,17,13,2002,2016
"205","NM4338",143000,738000,13,7,2002,2016
"206","NM4039",140000,739000,3,12,2002,2016
"207","NN0592",205000,792000,6,11,2002,2013
"208","NM9663",196000,763000,7,9,2002,2016
"209","NM7250",172000,750000,3,4,2002,2016
"210","NM6062",160000,762000,33,16,2002,2016
"211","NR4654",146000,654000,16,13,2001,2005
"212","NN0984",209000,784000,16,12,2002,2017
"213","NR3362",133000,662000,8,7,2001,2017
"214","NM4885",148000,785000,5,9,2002,2014
"215","NG3900",139000,8e+05,5,5,2002,2017
"216","NM4199",141000,799000,3,4,2002,2014
"217","NN1273",212000,773000,8,3,2002,2017
"218","NN2179",221000,779000,4,5,2002,2010
"219","NR4072",140000,672000,4,4,2001,2005
"220","NR3966",139000,666000,3,8,2001,2017
"221","NR4651",146000,651000,3,3,2001,2001
"222","NR3444",134000,644000,6,10,2001,2011
"223","NR4098",140000,698000,19,11,2001,2016
"224","NR3894",138000,694000,11,8,2001,2016
"225","NR2641",126000,641000,4,3,2002,2015
"226","NR4557",145000,657000,4,4,2002,2004
"227","NR2163",121000,663000,3,3,2002,2015
"228","NR3363",133000,663000,15,6,2002,2016
"229","NR9722",197000,622000,3,5,2001,2008
"230","NL9841",98000,741000,17,6,2001,2017
"231","NM0046",1e+05,746000,21,7,2001,2017
"232","NL9340",93000,740000,39,7,2001,2017
"233","NL9643",96000,743000,14,5,2001,2017
"234","NL9742",97000,742000,110,8,2001,2017
"235","NM0146",101000,746000,48,4,2001,2016
"236","NM0144",101000,744000,41,7,2001,2017
"237","NL9842",98000,742000,12,7,2001,2015
"238","NM0045",1e+05,745000,42,5,2001,2017
"239","NM0449",104000,749000,4,7,2001,2012
"240","NN0031",2e+05,731000,10,3,2001,2017
"241","NM7430",174000,730000,27,14,2001,2016
"242","NM7131",171000,731000,5,2,2001,2014
"243","NR3998",139000,698000,8,12,2001,2013
"244","NR3795",137000,695000,5,3,2001,2012
"245","NN0102",201000,702000,5,5,2001,2017
"246","NM4240",142000,740000,3,7,2001,2013
"247","NM4238",142000,738000,5,6,2001,2016
"248","NR8295",182000,695000,16,13,2001,2016
"249","NR6880",168000,680000,3,8,2001,2014
"250","NR8931",189000,631000,4,7,2001,2017
"251","NR9133",191000,633000,3,7,2001,2011
"252","NN0127",201000,727000,12,7,2001,2016
"253","NM9642",196000,742000,5,5,2001,2014
"254","NR7789",177000,689000,3,3,2001,2017
"255","NR7890",178000,690000,13,10,2001,2013
"256","NM8930",189000,730000,5,6,2001,2016
"257","NM9128",191000,728000,4,8,2001,2008
"258","NM9744",197000,744000,25,12,2001,2014
"259","NN0231",202000,731000,9,9,2001,2013
"260","NM9045",190000,745000,9,8,2001,2017
"261","NS0231",202000,631000,20,7,2001,2002
"262","NM8304",183000,704000,4,4,2001,2017
"263","NN3328",233000,728000,3,4,2001,2011
"264","NN0034",2e+05,734000,5,9,2001,2012
"265","NM8519",185000,719000,3,6,2001,2008
"266","NM8013",180000,713000,3,2,2001,2006
"267","NM2841",128000,741000,7,6,2001,2014
"268","NM9832",198000,732000,7,8,2002,2015
"269","NM9331",193000,731000,6,8,2002,2014
"270","NM8942",189000,742000,7,8,2002,2008
"271","NM9038",190000,738000,3,4,2002,2012
"272","NM9044",190000,744000,5,5,2002,2013
"273","NM8418",184000,718000,3,6,2002,2012
"274","NS3040",230000,640000,4,8,2002,2015
"275","NL9546",95000,746000,7,3,2002,2017
"276","NL9642",96000,742000,5,4,2002,2017
"277","NL9644",96000,744000,14,6,2002,2017
"278","NL9745",97000,745000,13,3,2002,2013
"279","NL9845",98000,745000,7,4,2002,2017
"280","NL9344",93000,744000,15,5,2002,2017
"281","NL9743",97000,743000,7,5,2002,2006
"282","NL9346",93000,746000,5,4,2002,2012
"283","NL9839",98000,739000,20,7,2002,2017
"284","NL9444",94000,744000,10,3,2002,2014
"285","NL9646",96000,746000,7,3,2002,2013
"286","NL9639",96000,739000,5,4,2002,2014
"287","NM2362",123000,762000,3,4,2002,2012
"288","NM1654",116000,754000,5,6,2002,2015
"289","NM2563",125000,763000,3,2,2002,2014
"290","NM1656",116000,756000,25,10,2002,2016
"291","NS0230",202000,630000,6,4,2002,2017
"292","NM4126",141000,726000,4,4,2002,2016
"293","NR7993",179000,693000,3,4,2002,2015
"294","NM7024",170000,724000,3,4,2002,2012
"295","NM9316",193000,716000,3,6,2002,2013
"296","NM5220",152000,720000,3,5,2002,2015
"297","NR6821",168000,621000,12,5,2002,2016
"298","NR6523",165000,623000,11,9,2002,2010
"299","NR6526",165000,626000,9,10,2002,2014
"300","NR8140",181000,640000,3,1,2002,2005
"301","NR7130",171000,630000,28,12,2002,2016
"302","NR7126",171000,626000,9,6,2002,2012
"303","NR7027",170000,627000,35,12,2002,2016
"304","NM9845",198000,745000,25,14,2002,2016
"305","NN0727",207000,727000,3,2,2002,2011
"306","NM4357",143000,757000,22,14,2002,2016
"307","NM4457",144000,757000,11,9,2002,2015
"308","NM4651",146000,751000,9,8,2002,2016
"309","NM4748",147000,748000,3,4,2002,2011
"310","NM4849",148000,749000,4,4,2002,2014
"311","NM5047",150000,747000,3,6,2002,2006
"312","NM5146",151000,746000,6,9,2002,2014
"313","NM4154",141000,754000,3,3,2002,2011
"314","NM9041",190000,741000,24,13,2002,2017
"315","NM5056",150000,756000,3,3,2002,2009
"316","NR8586",185000,686000,15,9,2002,2010
"317","NM9709",197000,709000,13,11,2002,2010
"318","NM3941",139000,741000,3,5,2002,2002
"319","NM3640",136000,740000,3,4,2002,2003
"320","NM9932",199000,732000,12,12,2002,2016
"321","NN0837",208000,737000,4,9,2002,2012
"322","NN1126",211000,726000,3,4,2002,2004
"323","NN0133",201000,733000,5,10,2002,2013
"324","NN0334",203000,734000,5,8,2002,2016
"325","NN0436",204000,736000,6,7,2002,2014
"326","NN0435",204000,735000,4,8,2002,2013
"327","NN0534",205000,734000,5,13,2002,2012
"328","NM9632",196000,732000,4,5,2002,2013
"329","NM4200",142000,7e+05,12,10,2002,2013
"330","NS3136",231000,636000,11,12,2002,2017
"331","NM9614",196000,714000,36,11,2002,2016
"332","NS0135",201000,635000,4,4,2002,2009
"333","NS1981",219000,681000,4,5,2002,2017
"334","NM4540",145000,740000,4,6,2002,2014
"335","NR6447",164000,647000,10,11,2002,2016
"336","NN2281",222000,781000,12,7,2003,2017
"337","NM9762",197000,762000,8,10,2004,2016
"338","NM9661",196000,761000,5,3,2003,2003
"339","NN0570",205000,770000,8,8,2003,2013
"340","NN2189",221000,789000,11,8,2003,2015
"341","NM7093",170000,793000,45,13,2003,2014
"342","NM7292",172000,792000,5,6,2003,2014
"343","NM6168",161000,768000,3,5,2003,2007
"344","NM5366",153000,766000,7,6,2003,2016
"345","NM6061",160000,761000,12,8,2003,2017
"346","NM6367",163000,767000,4,7,2003,2010
"347","NM7899",178000,799000,5,10,2003,2013
"348","NM7799",177000,799000,4,8,2003,2009
"349","NM4080",140000,780000,4,4,2003,2017
"350","NM4179",141000,779000,12,10,2003,2016
"351","NM6993",169000,793000,4,3,2003,2014
"352","NM6892",168000,792000,21,7,2003,2017
"353","NN2880",228000,780000,3,2,2003,2011
"354","NN2781",227000,781000,5,4,2003,2016
"355","NN1277",212000,777000,3,4,2003,2015
"356","NN2580",225000,780000,3,2,2003,2007
"357","NN2381",223000,781000,8,4,2003,2012
"358","NG2705",127000,805000,8,5,2003,2017
"359","NN1970",219000,770000,4,1,2003,2009
"360","NN1870",218000,770000,3,1,2003,2009
"361","NN1769",217000,769000,5,2,2003,2014
"362","NN1869",218000,769000,4,1,2003,2009
"363","NH2302",223000,802000,3,4,2003,2014
"364","NG3603",136000,803000,8,8,2003,2017
"365","NM6864",168000,764000,4,4,2003,2014
"366","NN1770",217000,770000,3,1,2003,2006
"367","NN1372",213000,772000,3,2,2003,2009
"368","NM9764",197000,764000,5,8,2003,2016
"369","NN0179",201000,779000,22,15,2003,2017
"370","NG8112",181000,812000,3,4,2003,2009
"371","NG9913",199000,813000,4,4,2003,2010
"372","NM6270",162000,770000,3,6,2003,2016
"373","NG7714",177000,814000,3,8,2003,2012
"374","NM4466",144000,766000,6,7,2004,2013
"375","NM7269",172000,769000,3,4,2004,2016
"376","NM5070",150000,770000,7,11,2004,2016
"377","NN0278",202000,778000,4,8,2004,2016
"378","NM7170",171000,770000,3,2,2004,2013
"379","NM7682",176000,782000,3,4,2004,2014
"380","NM6792",167000,792000,78,14,2004,2017
"381","NM6285",162000,785000,8,10,2004,2016
"382","NM6385",163000,785000,4,9,2004,2011
"383","NG7813",178000,813000,3,6,2004,2008
"384","NH3214",232000,814000,15,13,2004,2015
"385","NN1788",217000,788000,11,10,2004,2017
"386","NN1589",215000,789000,8,8,2004,2017
"387","NN1689",216000,789000,4,5,2004,2017
"388","NN1789",217000,789000,3,4,2004,2006
"389","NN1885",218000,785000,3,5,2004,2016
"390","NN1271",212000,771000,10,7,2004,2015
"391","NM6943",169000,743000,3,8,2004,2010
"392","NM7042",170000,742000,4,3,2004,2012
"393","NM7242",172000,742000,11,11,2004,2012
"394","NH2212",222000,812000,3,1,2004,2008
"395","NN1183",211000,783000,19,13,2004,2017
"396","NM4368",143000,768000,4,4,2004,2010
"397","NN1768",217000,768000,4,3,2004,2014
"398","NG8117",181000,817000,4,3,2004,2008
"399","NH1909",219000,809000,3,1,2004,2016
"400","NG5113",151000,813000,4,4,2004,2013
"401","NG5800",158000,8e+05,3,4,2004,2016
"402","NM5164",151000,764000,3,3,2004,2017
"403","NM5862",158000,762000,6,8,2004,2017
"404","NM5863",158000,763000,3,7,2004,2004
"405","NM5864",158000,764000,4,7,2004,2008
"406","NM4566",145000,766000,8,6,2004,2012
"407","NN1177",211000,777000,5,5,2004,2011
"408","NN1887",218000,787000,3,3,2004,2006
"409","NN0976",209000,776000,3,3,2004,2014
"410","NR2769",127000,669000,28,13,2003,2014
"411","NR3364",133000,664000,3,3,2003,2010
"412","NR4653",146000,653000,6,9,2003,2016
"413","NR2767",127000,667000,56,16,2003,2016
"414","NR2866",128000,666000,24,17,2003,2014
"415","NR3059",130000,659000,4,6,2003,2011
"416","NR3072",130000,672000,4,7,2003,2011
"417","NR2871",128000,671000,3,3,2003,2014
"418","NR3358",133000,658000,4,6,2003,2004
"419","NR3760",137000,660000,3,6,2003,2005
"420","NR1653",116000,653000,5,8,2004,2013
"421","NR2370",123000,670000,8,8,2004,2011
"422","NR4469",144000,669000,4,5,2004,2014
"423","NR2661",126000,661000,56,10,2004,2011
"424","NR2943",129000,643000,7,8,2004,2017
"425","NR3357",133000,657000,3,7,2004,2004
"426","NR3588",135000,688000,15,10,2004,2012
"427","NR3463",134000,663000,3,3,2004,2006
"428","NR4279",142000,679000,7,9,2004,2017
"429","NR3968",139000,668000,3,5,2004,2017
"430","NN0942",209000,742000,4,7,2004,2013
"431","NS3341",233000,641000,75,13,2003,2010
"432","NR7991",179000,691000,14,12,2003,2017
"433","NR8588",185000,688000,4,3,2003,2017
"434","NS3135",231000,635000,10,12,2003,2016
"435","NM2823",128000,723000,4,2,2003,2016
"436","NM6930",169000,730000,6,9,2003,2010
"437","NM0145",101000,745000,63,5,2003,2017
"438","NM0143",101000,743000,29,5,2003,2017
"439","NL9944",99000,744000,33,7,2003,2017
"440","NM0043",1e+05,743000,22,5,2003,2017
"441","NM0044",1e+05,744000,33,7,2003,2017
"442","NM3718",137000,718000,9,8,2003,2016
"443","NM4658",146000,758000,4,8,2003,2017
"444","NM5445",154000,745000,6,7,2003,2016
"445","NR8393",183000,693000,8,10,2003,2017
"446","NM4855",148000,755000,16,13,2003,2017
"447","NM3853",138000,753000,38,16,2003,2016
"448","NM6740",167000,740000,12,9,2003,2014
"449","NM4339",143000,739000,14,9,2003,2017
"450","NM4439",144000,739000,23,15,2003,2017
"451","NR8398",183000,698000,41,15,2003,2017
"452","NM5742",157000,742000,3,4,2003,2011
"453","NM3448",134000,748000,61,12,2003,2016
"454","NM3548",135000,748000,172,16,2003,2011
"455","NM9633",196000,733000,6,8,2003,2015
"456","NM9033",190000,733000,12,10,2003,2017
"457","NM8320",183000,720000,6,8,2003,2016
"458","NM8726",187000,726000,4,4,2003,2017
"459","NN0335",203000,735000,4,8,2003,2013
"460","NN0330",203000,730000,8,14,2003,2010
"461","NR7176",171000,676000,3,1,2003,2003
"462","NR7179",171000,679000,29,11,2003,2008
"463","NM8009",180000,709000,3,4,2003,2016
"464","NR6974",169000,674000,10,7,2003,2015
"465","NR7075",170000,675000,12,8,2003,2015
"466","NR5978",159000,678000,4,4,2003,2015
"467","NR7273",172000,673000,3,2,2003,2013
"468","NR6739",167000,639000,7,6,2003,2007
"469","NN3218",232000,718000,3,5,2003,2015
"470","NM7615",176000,715000,16,14,2003,2017
"471","NM8630",186000,730000,5,6,2003,2017
"472","NR7690",176000,690000,10,7,2003,2003
"473","NN0233",202000,733000,5,13,2003,2013
"474","NN0537",205000,737000,10,4,2003,2016
"475","NN0538",205000,738000,15,6,2003,2016
"476","NM8004",180000,704000,3,5,2003,2012
"477","NR7887",178000,687000,5,6,2003,2017
"478","NR8490",184000,690000,11,11,2003,2015
"479","NN2741",227000,741000,3,4,2003,2014
"480","NS2054",220000,654000,6,6,2003,2017
"481","NM8422",184000,722000,14,10,2003,2016
"482","NM8522",185000,722000,4,4,2003,2013
"483","NM8423",184000,723000,4,5,2003,2016
"484","NR9568",195000,668000,26,7,2003,2003
"485","NS3278",232000,678000,4,5,2003,2017
"486","NR7285",172000,685000,7,9,2003,2014
"487","NR7082",170000,682000,5,6,2003,2004
"488","NR6977",169000,677000,3,6,2003,2017
"489","NR7079",170000,679000,5,5,2003,2012
"490","NR6978",169000,678000,7,7,2003,2017
"491","NR6979",169000,679000,7,6,2003,2017
"492","NR7081",170000,681000,6,7,2003,2005
"493","NM7614",176000,714000,17,12,2003,2017
"494","NM7804",178000,704000,5,9,2003,2010
"495","NM6309",163000,709000,3,7,2003,2013
"496","NR7024",170000,624000,3,3,2003,2005
"497","NR6522",165000,622000,10,7,2003,2010
"498","NR6524",165000,624000,21,10,2003,2014
"499","NR6421",164000,621000,13,5,2003,2016
"500","NR6826",168000,626000,11,5,2003,2012
"501","NR6926",169000,626000,29,11,2003,2016
"502","NR6825",168000,625000,9,10,2003,2012
"503","NR7026",170000,626000,7,5,2003,2012
"504","NS1485",214000,685000,6,3,2003,2017
"505","NN0348",203000,748000,5,8,2003,2013
"506","NS0235",202000,635000,4,3,2003,2014
"507","NM9844",198000,744000,14,10,2003,2016
"508","NS0955",209000,655000,3,3,2003,2010
"509","NS2474",224000,674000,4,6,2003,2013
"510","NM5328",153000,728000,5,4,2003,2016
"511","NM6020",160000,720000,3,5,2003,2015
"512","NM6122",161000,722000,5,5,2003,2016
"513","NM5743",157000,743000,26,9,2003,2017
"514","NN0046",2e+05,746000,17,13,2004,2016
"515","NN0349",203000,749000,7,5,2004,2015
"516","NM8415",184000,715000,3,5,2004,2012
"517","NM9012",190000,712000,10,7,2004,2007
"518","NN0018",2e+05,718000,5,6,2004,2012
"519","NM4539",145000,739000,3,4,2004,2012
"520","NR6948",169000,648000,8,10,2004,2014
"521","NR6949",169000,649000,5,8,2004,2006
"522","NS2949",229000,649000,7,8,2004,2017
"523","NS2154",221000,654000,3,4,2004,2012
"524","NS2254",222000,654000,3,3,2004,2013
"525","NN2504",225000,704000,4,5,2004,2015
"526","NM3952",139000,752000,8,9,2004,2016
"527","NM4442",144000,742000,7,9,2004,2014
"528","NM4052",140000,752000,5,9,2004,2013
"529","NR3147",131000,647000,3,5,2004,2011
"530","NR3458",134000,658000,4,3,2004,2013
"531","NR1854",118000,654000,4,3,2004,2013
"532","NR2770",127000,670000,6,7,2004,2005
"533","NR3659",136000,659000,3,9,2004,2015
"534","NR3246",132000,646000,3,4,2004,2017
"535","NR3345",133000,645000,3,3,2004,2013
"536","NR3453",134000,653000,3,8,2004,2004
"537","NR2842",128000,642000,5,4,2004,2017
"538","NR2259",122000,659000,3,2,2004,2011
"539","NM9013",190000,713000,4,5,2004,2017
"540","NM8811",188000,711000,4,4,2004,2005
"541","NM9515",195000,715000,24,5,2004,2016
"542","NM9214",192000,714000,3,5,2004,2012
"543","NM8812",188000,712000,3,1,2004,2005
"544","NM8912",189000,712000,40,16,2004,2016
"545","NR7790",177000,690000,4,5,2004,2006
"546","NS1556",215000,656000,6,9,2004,2017
"547","NN0131",201000,731000,14,8,2004,2013
"548","NM6642",166000,742000,13,12,2004,2017
"549","NN0103",201000,703000,3,3,2004,2010
"550","NR9795",197000,695000,7,6,2000,2017
"551","NR7994",179000,694000,3,5,2004,2008
"552","NR9292",192000,692000,4,3,2004,2017
"553","NR9695",196000,695000,24,11,2004,2016
"554","NM4326",143000,726000,3,7,2004,2008
"555","NM4026",140000,726000,3,5,2004,2016
"556","NR6448",164000,648000,8,6,2004,2017
"557","NM7232",172000,732000,20,12,2004,2017
"558","NS1655",216000,655000,3,4,2004,2015
"559","NM4138",141000,738000,6,6,2004,2016
"560","NR8640",186000,640000,7,10,2004,2012
"561","NM0147",101000,747000,21,7,2004,2017
"562","NL9740",97000,740000,397,9,2004,2017
"563","NL9741",97000,741000,11,3,2004,2017
"564","NM0345",103000,745000,6,4,2004,2014
"565","NM0849",108000,749000,3,2,2004,2013
"566","NL9943",99000,743000,8,5,2004,2011
"567","NM0847",108000,747000,5,7,2004,2017
"568","NL9838",98000,738000,12,7,2004,2011
"569","NM0343",103000,743000,3,3,2004,2015
"570","NL9345",93000,745000,4,4,2004,2015
"571","NL9747",97000,747000,5,4,2004,2016
"572","NL9442",94000,742000,12,7,2004,2017
"573","NM0848",108000,748000,9,5,2004,2016
"574","NM0750",107000,750000,5,3,2004,2013
"575","NL9847",98000,747000,4,1,2004,2013
"576","NM0448",104000,748000,7,3,2004,2017
"577","NS2884",228000,684000,3,6,2004,2013
"578","NS2699",226000,699000,6,4,2004,2010
"579","NS2899",228000,699000,3,7,2004,2010
"580","NS3098",230000,698000,4,5,2004,2010
"581","NS2689",226000,689000,3,2,2004,2014
"582","NS2690",226000,690000,3,3,2004,2011
"583","NS3086",230000,686000,4,2,2004,2011
"584","NS2983",229000,683000,4,4,2004,2013
"585","NN3227",232000,727000,3,3,2004,2013
"586","NR6690",166000,690000,3,10,2004,2004
"587","NM4044",140000,744000,9,7,2004,2015
"588","NR7421",174000,621000,13,11,2004,2013
"589","NR9937",199000,637000,3,7,2004,2016
"590","NR7894",178000,694000,5,4,2004,2017
"591","NM7031",170000,731000,5,8,2004,2014
"592","NM5829",158000,729000,3,2,2004,2015
"593","NM2723",127000,723000,5,6,2004,2016
"594","NM2824",128000,724000,10,6,2004,2016
"595","NM4753",147000,753000,3,3,2004,2010
"596","NM4250",142000,750000,6,7,2004,2017
"597","NM4251",142000,751000,9,9,2004,2013
"598","NM6432",164000,732000,8,10,2004,2016
"599","NM5055",150000,755000,32,14,2004,2017
"600","NM4432",144000,732000,3,4,2004,2010
"601","NM3446",134000,746000,9,8,2004,2015
"602","NM3546",135000,746000,12,8,2004,2014
"603","NM4552",145000,752000,5,9,2004,2017
"604","NM3347",133000,747000,25,9,2004,2012
"605","NM2622",126000,722000,3,2,2004,2015
"606","NM5438",154000,738000,6,5,2004,2016
"607","NM6224",162000,724000,10,8,2004,2016
"608","NM6830",168000,730000,10,8,2004,2014
"609","NR7831",178000,631000,4,6,2004,2014
"610","NR6736",167000,636000,3,4,2004,2009
"611","NR7633",176000,633000,3,5,2004,2007
"612","NR7836",178000,636000,4,3,2004,2017
"613","NR7025",170000,625000,5,8,2004,2007
"614","NR7030",170000,630000,28,13,2004,2016
"615","NR7131",171000,631000,30,10,2004,2016
"616","NR7231",172000,631000,7,8,2004,2016
"617","NR6723",167000,623000,5,2,2004,2014
"618","NR6722",167000,622000,6,4,2004,2014
"619","NR6822",168000,622000,11,8,2004,2016
"620","NR7532",175000,632000,3,3,2004,2007
"621","NR7533",175000,633000,3,3,2004,2007
"622","NR7731",177000,631000,3,4,2004,2014
"623","NR7832",178000,632000,3,3,2004,2010
"624","NR7931",179000,631000,9,12,2004,2011
"625","NM9817",198000,717000,25,9,2004,2016
"626","NM9918",199000,718000,26,8,2004,2016
"627","NR7282",172000,682000,38,11,2004,2016
"628","NM8827",188000,727000,10,8,2004,2017
"629","NM2742",127000,742000,10,5,2004,2016
"630","NM4652",146000,752000,16,11,2004,2012
"631","NM5129",151000,729000,6,7,2004,2013
"632","NM3021",130000,721000,3,3,2004,2013
"633","NM5544",155000,744000,3,6,2004,2010
"634","NM4627",146000,727000,7,11,2004,2016
"635","NM4327",143000,727000,3,6,2004,2011
"636","NN2624",226000,724000,3,1,2005,2013
"637","NN2724",227000,724000,3,2,2005,2013
"638","NN2726",227000,726000,5,1,2005,2013
"639","NN2525",225000,725000,3,2,2005,2013
"640","NN2552",225000,752000,9,1,2005,2015
"641","NM8441",184000,741000,28,14,2006,2016
"642","NM8541",185000,741000,17,9,2006,2012
"643","NH2912",229000,812000,32,14,2005,2017
"644","NM4783",147000,783000,5,6,2005,2017
"645","NG5809",158000,809000,26,10,2005,2013
"646","NM6487",164000,787000,4,6,2005,2013
"647","NM6586",165000,786000,5,7,2005,2017
"648","NM6588",165000,788000,3,1,2005,2017
"649","NM6872",168000,772000,4,6,2005,2012
"650","NN0359",203000,759000,3,2,2005,2008
"651","NM9665",196000,765000,4,9,2005,2016
"652","NM6774",167000,774000,8,7,2005,2007
"653","NM6773",167000,773000,5,4,2005,2005
"654","NM6965",169000,765000,8,5,2005,2014
"655","NM7462",174000,762000,7,11,2005,2014
"656","NN0378",203000,778000,4,7,2005,2007
"657","NN1371",213000,771000,4,8,2005,2014
"658","NM7264",172000,764000,7,8,2005,2017
"659","NN1957",219000,757000,3,1,2005,2009
"660","NG2204",122000,804000,3,5,2005,2010
"661","NM4267",142000,767000,3,9,2006,2016
"662","NM6772",167000,772000,3,6,2006,2012
"663","NH2211",222000,811000,3,2,2006,2007
"664","NM4785",147000,785000,3,3,2006,2008
"665","NM4890",148000,790000,3,2,2006,2015
"666","NN2170",221000,770000,4,1,2006,2011
"667","NM8061",180000,761000,4,5,2006,2017
"668","NM6467",164000,767000,3,7,2006,2010
"669","NM8062",180000,762000,3,4,2006,2017
"670","NM6445",164000,745000,3,7,2006,2012
"671","NM6590",165000,790000,10,6,2006,2015
"672","NM8162",181000,762000,11,7,2006,2017
"673","NN0858",208000,758000,23,9,2006,2017
"674","NN1058",210000,758000,9,6,2006,2015
"675","NN0560",205000,760000,11,9,2006,2014
"676","NM9756",197000,756000,3,3,2006,2012
"677","NM9482",194000,782000,3,1,2006,2014
"678","NM9563",195000,763000,3,5,2006,2014
"679","NG2506",125000,806000,3,2,2006,2010
"680","NG2605",126000,805000,3,7,2006,2013
"681","NN1988",219000,788000,3,3,2006,2017
"682","NR6841",168000,641000,4,6,2005,2016
"683","NR8039",180000,639000,7,7,2005,2013
"684","NR7132",171000,632000,7,7,2005,2013
"685","NR9838",198000,638000,11,9,2005,2014
"686","NR9938",199000,638000,4,7,2005,2017
"687","NM9042",190000,742000,8,7,2005,2014
"688","NM8711",187000,711000,5,6,2005,2016
"689","NR8688",186000,688000,6,5,2005,2013
"690","NS1749",217000,649000,7,7,2005,2017
"691","NR7487",174000,687000,5,4,2005,2017
"692","NM9825",198000,725000,3,3,2005,2007
"693","NM3645",136000,745000,5,7,2005,2014
"694","NS3063",230000,663000,11,6,2005,2015
"695","NS3163",231000,663000,65,13,2005,2016
"696","NS3072",230000,672000,4,5,2005,2010
"697","NS2472",224000,672000,60,11,2005,2017
"698","NS0366",203000,666000,4,3,2005,2010
"699","NS0466",204000,666000,3,4,2005,2008
"700","NS2156",221000,656000,5,4,2005,2007
"701","NS2074",220000,674000,4,7,2005,2013
"702","NS2365",223000,665000,5,5,2005,2017
"703","NM0247",102000,747000,7,4,2005,2017
"704","NL9843",98000,743000,14,6,2005,2017
"705","NM0346",103000,746000,7,4,2005,2017
"706","NM0248",102000,748000,7,5,2005,2016
"707","NM0747",107000,747000,5,4,2005,2014
"708","NM0445",104000,745000,38,6,2005,2017
"709","NL9440",94000,740000,42,8,2005,2017
"710","NL9945",99000,745000,20,7,2005,2017
"711","NM5252",152000,752000,7,8,2005,2015
"712","NM9145",191000,745000,7,5,2005,2017
"713","NR3071",130000,671000,4,9,2005,2013
"714","NR4652",146000,652000,3,3,2005,2013
"715","NM4438",144000,738000,4,8,2005,2014
"716","NM6024",160000,724000,10,7,2005,2016
"717","NR7791",177000,691000,4,4,2005,2012
"718","NR6980",169000,680000,3,5,2005,2017
"719","NR3791",137000,691000,10,8,2005,2016
"720","NR3491",134000,691000,12,12,2005,2015
"721","NR3892",138000,692000,4,4,2005,2007
"722","NR3891",138000,691000,6,6,2005,2012
"723","NR3997",139000,697000,22,14,2005,2015
"724","NR3996",139000,696000,19,12,2005,2015
"725","NR3691",136000,691000,5,7,2005,2012
"726","NR3695",136000,695000,10,7,2005,2012
"727","NR3893",138000,693000,4,7,2005,2016
"728","NR3689",136000,689000,11,8,2005,2016
"729","NR3690",136000,690000,5,3,2005,2012
"730","NR3896",138000,696000,6,4,2005,2012
"731","NM3023",130000,723000,4,5,2005,2015
"732","NM2843",128000,743000,3,3,2005,2014
"733","NR4096",140000,696000,8,8,2005,2012
"734","NM9136",191000,736000,9,7,2005,2017
"735","NR3591",135000,691000,16,12,2005,2013
"736","NR4199",141000,699000,9,10,2005,2013
"737","NR3797",137000,697000,5,4,2005,2010
"738","NR3995",139000,695000,7,7,2005,2011
"739","NR4095",140000,695000,5,7,2005,2013
"740","NM8530",185000,730000,4,6,2005,2017
"741","NM8340",183000,740000,3,5,2005,2011
"742","NM7333",173000,733000,17,12,2005,2016
"743","NR3897",138000,697000,4,5,2005,2016
"744","NM3447",134000,747000,41,13,2005,2017
"745","NM3545",135000,745000,4,7,2005,2014
"746","NM3547",135000,747000,5,7,2005,2014
"747","NM7137",171000,737000,115,13,2006,2017
"748","NM2159",121000,759000,3,2,2006,2014
"749","NM0749",107000,749000,6,4,2006,2016
"750","NM2055",120000,755000,4,3,2006,2014
"751","NL9540",95000,740000,4,3,2006,2017
"752","NL9640",96000,740000,12,6,2006,2017
"753","NM1757",117000,757000,4,6,2006,2014
"754","NM2463",124000,763000,3,2,2006,2014
"755","NM2157",121000,757000,3,5,2006,2012
"756","NM2257",122000,757000,10,6,2006,2017
"757","NM1253",112000,753000,3,4,2006,2013
"758","NM1453",114000,753000,7,6,2006,2014
"759","NM2156",121000,756000,5,5,2006,2014
"760","NM1959",119000,759000,4,4,2006,2014
"761","NM0444",104000,744000,5,4,2006,2012
"762","NM1655",116000,755000,5,4,2006,2015
"763","NM2763",127000,763000,5,9,2006,2014
"764","NL9541",95000,741000,15,6,2006,2017
"765","NL9641",96000,741000,16,4,2006,2017
"766","NM1553",115000,753000,12,7,2006,2014
"767","NM2764",127000,764000,3,3,2006,2014
"768","NM1554",115000,754000,6,4,2006,2014
"769","NM0548",105000,748000,7,2,2006,2017
"770","NM3235",132000,735000,9,3,2006,2014
"771","NM4356",143000,756000,9,10,2006,2013
"772","NM4553",145000,753000,5,10,2006,2010
"773","NM7701",177000,701000,12,10,2006,2017
"774","NM7700",177000,7e+05,3,11,2006,2007
"775","NR8190",181000,690000,3,2,2006,2017
"776","NS1947",219000,647000,4,6,2006,2017
"777","NR7891",178000,691000,6,5,2006,2015
"778","NM8228",182000,728000,9,9,2006,2017
"779","NM8227",182000,727000,6,5,2006,2017
"780","NM8643",186000,743000,3,5,2006,2013
"781","NM8026",180000,726000,5,9,2006,2014
"782","NM7926",179000,726000,3,2,2006,2014
"783","NM8542",185000,742000,4,3,2006,2016
"784","NM8845",188000,745000,4,3,2006,2016
"785","NM8543",185000,743000,3,4,2006,2010
"786","NM8844",188000,744000,3,2,2006,2016
"787","NR9492",194000,692000,4,3,2006,2016
"788","NR9897",198000,697000,9,5,2006,2017
"789","NR3693",136000,693000,5,7,2006,2012
"790","NR3694",136000,694000,6,10,2006,2013
"791","NR3696",136000,696000,9,5,2006,2012
"792","NR3898",138000,698000,14,10,2006,2014
"793","NR4097",140000,697000,14,8,2006,2013
"794","NR4099",140000,699000,6,4,2006,2012
"795","NR4198",141000,698000,7,6,2006,2012
"796","NR3488",134000,688000,6,5,2006,2015
"797","NR3587",135000,687000,4,4,2006,2012
"798","NR3688",136000,688000,3,4,2006,2012
"799","NM3751",137000,751000,10,10,2006,2016
"800","NS3064",230000,664000,5,5,2006,2014
"801","NS1759",217000,659000,3,7,2006,2009
"802","NS3073",230000,673000,3,6,2006,2014
"803","NS1750",217000,650000,5,7,2006,2017
"804","NS0465",204000,665000,3,1,2006,2008
"805","NS1657",216000,657000,4,7,2006,2017
"806","NM4239",142000,739000,7,6,2006,2014
"807","NM3945",139000,745000,5,6,2006,2010
"808","NM8632",186000,732000,4,4,2006,2017
"809","NS1584",215000,684000,3,5,2006,2016
"810","NS3037",230000,637000,11,11,2006,2015
"811","NS3234",232000,634000,3,7,2006,2017
"812","NS3232",232000,632000,5,7,2006,2017
"813","NS3233",232000,633000,4,8,2006,2017
"814","NN2427",224000,727000,3,4,2006,2013
"815","NN1429",214000,729000,4,5,2006,2009
"816","NS2577",225000,677000,4,4,2006,2013
"817","NL9738",97000,738000,3,4,2006,2014
"818","NM0347",103000,747000,5,3,2006,2017
"819","NM4556",145000,756000,21,13,2006,2014
"820","NM4752",147000,752000,3,4,2006,2011
"821","NM8939",189000,739000,5,4,2006,2017
"822","NM8121",181000,721000,6,9,2006,2017
"823","NM9037",190000,737000,5,9,2006,2009
"824","NM8300",183000,7e+05,10,8,2006,2017
"825","NR8297",182000,697000,4,5,2006,2015
"826","NM8011",180000,711000,3,7,2006,2013
"827","NR8491",184000,691000,4,4,2006,2017
"828","NR8396",183000,696000,7,10,2006,2012
"829","NM8517",185000,717000,3,4,2006,2014
"830","NN2327",223000,727000,5,4,2006,2014
"831","NM9944",199000,744000,5,8,2006,2010
"832","NM9544",195000,744000,7,10,2006,2012
"833","NR8092",180000,692000,3,4,2006,2013
"834","NM8412",184000,712000,6,10,2006,2012
"835","NM8221",182000,721000,3,3,2006,2017
"836","NN1227",212000,727000,4,5,2006,2010
"837","NM9034",190000,734000,4,4,2006,2017
"838","NM9040",190000,740000,10,8,2006,2017
"839","NS0856",208000,656000,6,8,2006,2016
"840","NM4257",142000,757000,16,10,2006,2016
"841","NM5538",155000,738000,4,8,2006,2017
"842","NM5621",156000,721000,4,9,2006,2014
"843","NM5421",154000,721000,4,7,2006,2014
"844","NM7514",175000,714000,16,13,2006,2017
"845","NN1361",213000,761000,7,5,2006,2016
"846","NR6879",168000,679000,3,8,2006,2014
"847","NM8834",188000,734000,3,5,2006,2014
"848","NR7524",175000,624000,5,3,2006,2009
"849","NR2066",120000,666000,4,7,2006,2016
"850","NM9739",197000,739000,4,4,2006,2014
"851","NN1174",211000,774000,4,9,2007,2011
"852","NM6796",167000,796000,6,13,2007,2014
"853","NM6577",165000,777000,6,12,2007,2013
"854","NM6865",168000,765000,3,4,2007,2014
"855","NM6476",164000,776000,3,7,2007,2017
"856","NM6477",164000,777000,5,9,2007,2017
"857","NM4468",144000,768000,7,10,2007,2013
"858","NM6671",166000,771000,7,8,2007,2017
"859","NG7015",170000,815000,4,5,2007,2015
"860","NG5808",158000,808000,7,5,2007,2017
"861","NM6897",168000,797000,15,11,2007,2017
"862","NM9260",192000,760000,3,2,2007,2012
"863","NN0469",204000,769000,3,4,2007,2013
"864","NN0261",202000,761000,13,6,2007,2017
"865","NN0361",203000,761000,43,14,2007,2017
"866","NM9963",199000,763000,3,5,2007,2016
"867","NM9560",195000,760000,6,10,2007,2015
"868","NM6744",167000,744000,6,8,2007,2015
"869","NN1961",219000,761000,12,6,2007,2015
"870","NN1461",214000,761000,4,6,2007,2013
"871","NM6686",166000,786000,11,10,2007,2017
"872","NG6304",163000,804000,3,3,2007,2017
"873","NN1076",210000,776000,12,7,2007,2017
"874","NM6567",165000,767000,3,5,2007,2016
"875","NR6632",166000,632000,4,3,2007,2016
"876","NR8138",181000,638000,6,2,2007,2017
"877","NN0362",203000,762000,4,8,2007,2014
"878","NN0363",203000,763000,8,12,2007,2014
"879","NN0364",203000,764000,3,6,2007,2014
"880","NN0877",208000,777000,4,9,2008,2008
"881","NN1375",213000,775000,5,9,2008,2017
"882","NN0057",2e+05,757000,3,5,2008,2010
"883","NN0857",208000,757000,3,2,2008,2015
"884","NN0078",2e+05,778000,3,5,2008,2008
"885","NH1501",215000,801000,4,5,2008,2017
"886","NN1483",214000,783000,13,13,2008,2012
"887","NM6896",168000,796000,5,6,2008,2017
"888","NN1161",211000,761000,5,7,2008,2013
"889","NM6692",166000,792000,6,1,2008,2008
"890","NM8654",186000,754000,3,6,2008,2012
"891","NM9763",197000,763000,7,11,2008,2016
"892","NG6303",163000,803000,4,4,2008,2010
"893","NM7961",179000,761000,3,6,2008,2017
"894","NN2057",220000,757000,3,1,2005,2009
"895","NN1581",215000,781000,10,13,2008,2015
"896","NN1283",212000,783000,12,11,2004,2017
"897","NM6284",162000,784000,4,10,2008,2014
"898","NM4467",144000,767000,3,5,2008,2016
"899","NG6113",161000,813000,3,4,2008,2013
"900","NM6984",169000,784000,3,3,2008,2017
"901","NN1449",214000,749000,3,4,2008,2013
"902","NM4584",145000,784000,3,2,2005,2012
"903","NM4790",147000,790000,3,5,2008,2015
"904","NR6927",169000,627000,19,9,2007,2014
"905","NM3318",133000,718000,4,4,2007,2010
"906","NM3854",138000,754000,5,7,2007,2016
"907","NM3953",139000,753000,4,5,2007,2016
"908","NR2741",127000,641000,9,10,2007,2017
"909","NM3753",137000,753000,4,7,2007,2017
"910","NM3346",133000,746000,3,3,2007,2009
"911","NM3549",135000,749000,6,4,2007,2010
"912","NM3648",136000,748000,8,7,2007,2009
"913","NM3748",137000,748000,3,3,2007,2008
"914","NS3039",230000,639000,3,5,2007,2016
"915","NM8419",184000,719000,7,7,2007,2014
"916","NS0266",202000,666000,3,2,2007,2007
"917","NS1153",211000,653000,3,8,2007,2008
"918","NR3890",138000,690000,11,9,2007,2016
"919","NS0037",2e+05,637000,4,3,2007,2014
"920","NM8629",186000,729000,8,8,2007,2017
"921","NM8704",187000,704000,6,3,2007,2017
"922","NS2372",223000,672000,6,6,2007,2012
"923","NS2052",220000,652000,17,10,2007,2016
"924","NR3590",135000,690000,8,11,2007,2013
"925","NR3592",135000,692000,7,5,2007,2015
"926","NR3796",137000,696000,3,2,2007,2012
"927","NR3991",139000,691000,3,5,2007,2011
"928","NR3992",139000,692000,3,6,2007,2012
"929","NR4299",142000,699000,7,5,2007,2012
"930","NR3386",133000,686000,3,8,2007,2012
"931","NR9822",198000,622000,3,2,2007,2008
"932","NR8687",186000,687000,10,6,2007,2015
"933","NS3164",231000,664000,5,3,2007,2012
"934","NS3268",232000,668000,3,3,2007,2010
"935","NM8037",180000,737000,8,7,2007,2017
"936","NM8137",181000,737000,4,6,2007,2016
"937","NM9135",191000,735000,4,6,2007,2014
"938","NM4351",143000,751000,15,10,2007,2014
"939","NL9445",94000,745000,8,5,2007,2017
"940","NL9947",99000,747000,6,4,2007,2016
"941","NS1968",219000,668000,3,3,2007,2016
"942","NM7410",174000,710000,6,7,2007,2014
"943","NS1676",216000,676000,6,6,2007,2017
"944","NS0038",2e+05,638000,3,4,2007,2010
"945","NN3220",232000,720000,3,7,2007,2007
"946","NM9854",198000,754000,6,8,2007,2013
"947","NS0174",201000,674000,3,5,2007,2012
"948","NS1052",210000,652000,3,6,2007,2010
"949","NM8005",180000,705000,3,6,2007,2017
"950","NR9269",192000,669000,4,5,2007,2009
"951","NN3235",232000,735000,3,3,2007,2013
"952","NN3230",232000,730000,4,2,2007,2016
"953","NN2742",227000,742000,3,7,2007,2017
"954","NS0133",201000,633000,3,2,2007,2010
"955","NM3647",136000,747000,8,7,2007,2013
"956","NR9771",197000,671000,14,10,2007,2012
"957","NR9671",196000,671000,3,4,2007,2010
"958","NM7927",179000,727000,4,9,2007,2014
"959","NM8127",181000,727000,3,5,2007,2014
"960","NR6525",165000,625000,10,7,2008,2013
"961","NM4558",145000,758000,7,10,2008,2016
"962","NM5350",153000,750000,3,4,2008,2009
"963","NM5521",155000,721000,4,11,2008,2016
"964","NM7038",170000,738000,5,9,2008,2016
"965","NM7236",172000,736000,10,7,2008,2016
"966","NM7535",175000,735000,8,7,2008,2014
"967","NM6641",166000,741000,10,11,2008,2017
"968","NM5341",153000,741000,6,10,2008,2014
"969","NM5441",154000,741000,7,11,2008,2016
"970","NM5429",154000,729000,4,3,2008,2016
"971","NM7235",172000,735000,5,5,2008,2016
"972","NM7233",172000,733000,8,4,2008,2013
"973","NM7335",173000,735000,3,2,2008,2008
"974","NM7432",174000,732000,11,11,2008,2015
"975","NS0225",202000,625000,5,9,2008,2017
"976","NM7037",170000,737000,3,5,2008,2010
"977","NM3846",138000,746000,5,4,2008,2010
"978","NM3947",139000,747000,4,5,2008,2009
"979","NM3651",136000,751000,9,10,2008,2016
"980","NM3948",139000,748000,3,5,2008,2010
"981","NM3746",137000,746000,13,8,2008,2016
"982","NM3646",136000,746000,3,5,2008,2010
"983","NR9351",193000,651000,6,17,2008,2016
"984","NM9146",191000,746000,9,9,2008,2017
"985","NM9141",191000,741000,4,3,2008,2017
"986","NM8627",186000,727000,3,3,2008,2016
"987","NM9830",198000,730000,8,6,2008,2015
"988","NN0130",201000,730000,5,8,2008,2017
"989","NS0221",202000,621000,3,2,2008,2011
"990","NS1952",219000,652000,25,13,2008,2014
"991","NM8745",187000,745000,6,6,2008,2017
"992","NM9816",198000,716000,3,3,2008,2012
"993","NR8179",181000,679000,3,1,2008,2011
"994","NS3075",230000,675000,3,3,2008,2015
"995","NS0274",202000,674000,3,5,2008,2015
"996","NM8020",180000,720000,4,5,2008,2014
"997","NR8828",188000,628000,4,4,2008,2017
"998","NS2186",221000,686000,4,2,2008,2011
"999","NM0244",102000,744000,3,1,2008,2015
"1000","NL9545",95000,745000,5,3,2008,2017
"1001","NR8829",188000,629000,3,4,2008,2011
"1002","NM9134",191000,734000,6,5,2008,2017
"1003","NM7936",179000,736000,5,6,2008,2017
"1004","NS2741",227000,641000,6,11,2008,2015
"1005","NS1682",216000,682000,3,7,2008,2017
"1006","NM9246",192000,746000,3,4,2008,2017
"1007","NR9449",194000,649000,6,9,2008,2014
"1008","NR9452",194000,652000,4,10,2008,2014
"1009","NM9133",191000,733000,4,4,2008,2014
"1010","NM8828",188000,728000,3,3,2008,2017
"1011","NM5034",150000,734000,3,5,2008,2010
"1012","NM5135",151000,735000,3,3,2008,2010
"1013","NN2625",226000,725000,3,1,2008,2013
"1014","NS0425",204000,625000,3,4,2008,2017
"1015","NR8694",186000,694000,4,6,2008,2013
"1016","NN3028",230000,728000,3,2,2008,2013
"1017","NH2110",221000,810000,3,6,2008,2013
"1018","NM9247",192000,747000,5,5,2009,2016
"1019","NG7600",176000,8e+05,3,2,2009,2016
"1020","NN2081",220000,781000,4,4,2009,2012
"1021","NN0943",209000,743000,4,5,2009,2015
"1022","NN1043",210000,743000,3,4,2009,2013
"1023","NN1044",210000,744000,5,7,2009,2013
"1024","NN1145",211000,745000,4,5,2009,2013
"1025","NN1084",210000,784000,16,11,2009,2017
"1026","NN0759",207000,759000,3,5,2009,2013
"1027","NN0960",209000,760000,9,10,2009,2014
"1028","NN1378",213000,778000,7,8,2009,2014
"1029","NN1477",214000,777000,7,9,2009,2017
"1030","NM6672",166000,772000,4,5,2009,2016
"1031","NN0860",208000,760000,3,4,2003,2013
"1032","NM7883",178000,783000,5,8,2009,2014
"1033","NM9755",197000,755000,23,12,2009,2016
"1034","NH1301",213000,801000,4,6,2009,2016
"1035","NM9891",198000,791000,10,8,2009,2017
"1036","NN0884",208000,784000,6,10,2009,2017
"1037","NN2082",220000,782000,3,2,2009,2015
"1038","NM7411",174000,711000,8,6,2009,2017
"1039","NR6947",169000,647000,3,5,2009,2015
"1040","NM4557",145000,757000,58,16,2009,2016
"1041","NM7434",174000,734000,5,8,2009,2013
"1042","NM6441",164000,741000,3,5,2009,2015
"1043","NM6739",167000,739000,3,3,2009,2017
"1044","NM5054",150000,754000,3,3,2009,2016
"1045","NS1063",210000,663000,9,5,2009,2014
"1046","NS1058",210000,658000,3,1,2009,2009
"1047","NM3719",137000,719000,6,6,2009,2013
"1048","NM3845",138000,745000,4,6,2009,2014
"1049","NM4453",144000,753000,6,11,2009,2017
"1050","NM3219",132000,719000,4,5,2009,2011
"1051","NM4118",141000,718000,3,6,2009,2013
"1052","NM9946",199000,746000,17,9,2009,2016
"1053","NN2344",223000,744000,3,2,2009,2011
"1054","NS3162",231000,662000,27,9,2009,2016
"1055","NS2864",228000,664000,4,4,2009,2014
"1056","NS2964",229000,664000,3,2,2009,2014
"1057","NM4757",147000,757000,15,12,2009,2016
"1058","NS1748",217000,648000,6,7,2009,2017
"1059","NM4954",149000,754000,5,8,2009,2017
"1060","NM4054",140000,754000,4,7,2009,2016
"1061","NM6123",161000,723000,4,6,2009,2015
"1062","NS2057",220000,657000,5,8,2009,2017
"1063","NM9236",192000,736000,5,5,2009,2017
"1064","NM7412",174000,712000,4,5,2009,2014
"1065","NM7407",174000,707000,4,5,2009,2014
"1066","NM8724",187000,724000,3,5,2009,2014
"1067","NM9231",192000,731000,4,5,2009,2013
"1068","NM8520",185000,720000,6,11,2009,2016
"1069","NM8620",186000,720000,6,9,2009,2016
"1070","NM8120",181000,720000,4,4,2009,2012
"1071","NM7819",178000,719000,7,6,2009,2017
"1072","NM8400",184000,7e+05,11,6,2009,2017
"1073","NM8401",184000,701000,18,12,2009,2017
"1074","NM8829",188000,729000,6,6,2009,2016
"1075","NN0132",201000,732000,20,9,2009,2013
"1076","NM8312",183000,712000,4,2,2009,2017
"1077","NM7417",174000,717000,13,10,2009,2017
"1078","NM7516",175000,716000,6,5,2009,2016
"1079","NM4100",141000,7e+05,5,4,2009,2012
"1080","NR3593",135000,693000,7,8,2009,2014
"1081","NR3687",136000,687000,3,3,2009,2012
"1082","NR3787",137000,687000,3,2,2009,2012
"1083","NR3789",137000,689000,4,5,2009,2012
"1084","NR3994",139000,694000,11,6,2009,2015
"1085","NN0248",202000,748000,3,6,2009,2013
"1086","NN2002",220000,702000,30,4,2009,2009
"1087","NL9946",99000,746000,5,5,2009,2017
"1088","NR8558",185000,658000,4,3,2009,2017
"1089","NR8657",186000,657000,3,3,2009,2011
"1090","NS2171",221000,671000,3,4,2009,2011
"1091","NS0087",2e+05,687000,3,5,2009,2017
"1092","NS2466",224000,666000,3,2,2009,2011
"1093","NR9369",193000,669000,3,3,2009,2010
"1094","NR9873",198000,673000,3,4,2009,2016
"1095","NS3355",233000,655000,7,9,2009,2017
"1096","NL9547",95000,747000,4,2,2009,2010
"1097","NM0245",102000,745000,4,3,2009,2015
"1098","NN2342",223000,742000,4,4,2009,2013
"1099","NM8528",185000,728000,15,12,2009,2017
"1100","NS3231",232000,631000,6,7,2009,2017
"1101","NM9931",199000,731000,9,5,2009,2017
"1102","NM9332",193000,732000,5,6,2009,2017
"1103","NM2161",121000,761000,4,6,2009,2014
"1104","NM7515",175000,715000,6,5,2009,2017
"1105","NM8019",180000,719000,5,5,2009,2014
"1106","NR8187",181000,687000,3,4,2009,2016
"1107","NS3262",232000,662000,3,3,2009,2014
"1108","NN3009",230000,709000,3,3,2009,2016
"1109","NM9137",191000,737000,13,9,2009,2017
"1110","NR7525",175000,625000,3,4,2009,2010
"1111","NF8113",81000,813000,6,9,2009,2017
"1112","NH2210",222000,810000,3,7,2010,2017
"1113","NM6161",161000,761000,4,5,2010,2013
"1114","NM5163",151000,763000,3,4,2010,2015
"1115","NM6685",166000,785000,4,4,2010,2017
"1116","NM6260",162000,760000,3,5,2010,2010
"1117","NN1059",210000,759000,7,3,2010,2017
"1118","NN0958",209000,758000,3,2,2010,2017
"1119","NN1677",216000,777000,5,7,2010,2017
"1120","NN1889",218000,789000,5,9,2010,2016
"1121","NN1669",216000,769000,3,2,2010,2014
"1122","NM6551",165000,751000,6,7,2010,2017
"1123","NN1158",211000,758000,7,7,2010,2014
"1124","NN1173",211000,773000,5,6,2010,2016
"1125","NM8147",181000,747000,8,11,2010,2016
"1126","NM8146",181000,746000,6,5,2010,2016
"1127","NM8145",181000,745000,6,7,2010,2016
"1128","NM8246",182000,746000,3,3,2010,2015
"1129","NR8261",182000,661000,3,2,2010,2012
"1130","NM6125",161000,725000,5,6,2010,2016
"1131","NM5548",155000,748000,7,8,2010,2016
"1132","NM4746",147000,746000,3,2,2010,2016
"1133","NM5351",153000,751000,4,6,2010,2013
"1134","NS3241",232000,641000,19,9,2010,2017
"1135","NM3119",131000,719000,3,8,2010,2011
"1136","NM7534",175000,734000,3,3,2010,2015
"1137","NM7331",173000,731000,4,4,2010,2014
"1138","NM5229",152000,729000,5,5,2010,2013
"1139","NM5253",152000,753000,5,4,2010,2017
"1140","NR8843",188000,643000,3,3,2010,2014
"1141","NN2307",223000,707000,5,3,2010,2014
"1142","NM9738",197000,738000,3,4,2010,2013
"1143","NN1805",218000,705000,3,3,2010,2014
"1144","NM5140",151000,740000,3,3,2010,2013
"1145","NM5226",152000,726000,3,4,2010,2016
"1146","NM8727",187000,727000,6,9,2010,2016
"1147","NS2046",220000,646000,11,10,2010,2015
"1148","NS2243",222000,643000,3,6,2010,2013
"1149","NS3143",231000,643000,3,5,2010,2013
"1150","NR8655",186000,655000,3,5,2010,2010
"1151","NS2242",222000,642000,4,7,2010,2012
"1152","NM8111",181000,711000,3,4,2010,2013
"1153","NS2939",229000,639000,7,11,2010,2015
"1154","NM0348",103000,748000,15,3,2010,2014
"1155","NS2883",228000,683000,4,4,2010,2017
"1156","NM6223",162000,723000,5,6,2010,2016
"1157","NR2664",126000,664000,3,2,2010,2011
"1158","NS1776",217000,676000,3,1,2010,2010
"1159","NS2371",223000,671000,47,10,2010,2017
"1160","NS2471",224000,671000,56,9,2010,2017
"1161","NM9346",193000,746000,4,5,2010,2017
"1162","NM9223",192000,723000,3,8,2010,2013
"1163","NM8720",187000,720000,3,7,2010,2016
"1164","NM7513",175000,713000,4,8,2010,2013
"1165","NS2740",227000,640000,7,8,2010,2017
"1166","NS2839",228000,639000,4,10,2010,2015
"1167","NS2938",229000,638000,4,9,2010,2015
"1168","NR7990",179000,690000,3,4,2010,2014
"1169","NR7829",178000,629000,6,5,2010,2013
"1170","NS1385",213000,685000,4,2,2010,2017
"1171","NM9954",199000,754000,3,4,2011,2016
"1172","NG6005",160000,805000,4,4,2011,2014
"1173","NM7180",171000,780000,3,7,2011,2017
"1174","NN1457",214000,757000,3,6,2011,2016
"1175","NM9464",194000,764000,3,4,2011,2014
"1176","NM4662",146000,762000,3,6,2011,2015
"1177","NN1668",216000,768000,3,3,2011,2014
"1178","NN0158",201000,758000,3,3,2011,2013
"1179","NR7127",171000,627000,3,4,2011,2012
"1180","NM7431",174000,731000,4,5,2011,2014
"1181","NM4456",144000,756000,3,2,2011,2016
"1182","NM4256",142000,756000,6,9,2011,2013
"1183","NM5823",158000,723000,4,5,2011,2016
"1184","NM7231",172000,731000,13,9,2011,2016
"1185","NM6532",165000,732000,10,7,2011,2016
"1186","NS2641",226000,641000,9,9,2011,2014
"1187","NS0762",207000,662000,4,11,2011,2013
"1188","NS0864",208000,664000,3,2,2011,2014
"1189","NR8768",187000,668000,4,5,2011,2015
"1190","NM5352",153000,752000,23,13,2011,2016
"1191","NS2640",226000,640000,4,10,2011,2017
"1192","NM9024",190000,724000,5,9,2011,2015
"1193","NM9124",191000,724000,10,8,2011,2017
"1194","NM9930",199000,730000,7,6,2011,2017
"1195","NS3248",232000,648000,3,5,2011,2017
"1196","NS1852",218000,652000,22,14,2011,2014
"1197","NS2972",229000,672000,3,4,2011,2013
"1198","NS2871",228000,671000,6,5,2011,2013
"1199","NM8612",186000,712000,3,3,2011,2013
"1200","NM8516",185000,716000,4,4,2011,2017
"1201","NR3070",130000,670000,3,7,2011,2013
"1202","NR7150",171000,650000,7,11,2011,2017
"1203","NR8485",184000,685000,3,4,2011,2011
"1204","NM6226",162000,726000,3,1,2011,2016
"1205","NM9533",195000,733000,5,6,2011,2017
"1206","NS2771",227000,671000,4,5,2011,2012
"1207","NS2048",220000,648000,3,6,2011,2017
"1208","NG5905",159000,805000,3,7,2012,2014
"1209","NG5908",159000,808000,9,8,2012,2014
"1210","NG5706",157000,806000,3,6,2012,2013
"1211","NN1550",215000,750000,6,6,2012,2016
"1212","NN0660",206000,760000,3,8,2012,2013
"1213","NN1551",215000,751000,3,4,2012,2013
"1214","NN1962",219000,762000,4,4,2012,2015
"1215","NN1448",214000,748000,3,4,2012,2013
"1216","NM9792",197000,792000,3,4,2012,2017
"1217","NM9992",199000,792000,4,4,2012,2017
"1218","NN0092",2e+05,792000,5,6,2012,2017
"1219","NM9791",197000,791000,3,5,2012,2017
"1220","NM1556",115000,756000,7,6,2012,2013
"1221","NM5929",159000,729000,3,6,2012,2014
"1222","NM6531",165000,731000,3,4,2012,2013
"1223","NM9644",196000,744000,3,5,2012,2017
"1224","NN0027",2e+05,727000,4,5,2012,2017
"1225","NM8501",185000,701000,4,6,2012,2016
"1226","NM8512",185000,712000,7,5,2012,2017
"1227","NR8797",187000,697000,7,9,2012,2016
"1228","NR8897",188000,697000,3,5,2012,2013
"1229","NM8825",188000,725000,9,6,2012,2017
"1230","NM9928",199000,728000,5,5,2012,2017
"1231","NM4252",142000,752000,3,3,2012,2016
"1232","NM1756",117000,756000,8,5,2012,2015
"1233","NM1653",116000,753000,5,5,2012,2015
"1234","NM9123",191000,723000,5,6,2012,2017
"1235","NN0740",207000,740000,15,5,2012,2016
"1236","NR8095",180000,695000,4,6,2012,2013
"1237","NM7313",173000,713000,3,6,2012,2016
"1238","NR8293",182000,693000,3,4,2012,2017
"1239","NR7996",179000,696000,3,6,2012,2013
"1240","NR8399",183000,699000,4,6,2012,2017
"1241","NM8529",185000,729000,4,5,2012,2017
"1242","NM8101",181000,701000,3,2,2012,2016
"1243","NR7485",174000,685000,18,6,2012,2016
"1244","NS2573",225000,673000,3,5,2012,2013
"1245","NM9315",193000,715000,4,6,2012,2013
"1246","NS3041",230000,641000,3,5,2012,2017
"1247","NM1552",115000,752000,4,6,2012,2013
"1248","NM1754",117000,754000,3,3,2012,2016
"1249","NM1454",114000,754000,5,5,2012,2017
"1250","NM2256",122000,756000,4,3,2012,2016
"1251","NM1854",118000,754000,3,3,2012,2014
"1252","NM2258",122000,758000,3,6,2012,2014
"1253","NN0814",208000,714000,5,3,2012,2015
"1254","NM7616",176000,716000,4,4,2012,2015
"1255","NM9733",197000,733000,3,5,2012,2013
"1256","NM9545",195000,745000,4,4,2012,2017
"1257","NR8392",183000,692000,3,5,2012,2012
"1258","NR9350",193000,650000,4,3,2006,2012
"1259","NM9510",195000,710000,3,6,2012,2013
"1260","NM9347",193000,747000,3,6,2012,2017
"1261","NM8611",186000,711000,3,6,2012,2016
"1262","NR8178",181000,678000,3,3,2012,2016
"1263","NR7778",177000,678000,4,4,2012,2017
"1264","NM9833",198000,733000,3,8,2012,2015
"1265","NN0640",206000,740000,15,5,2012,2016
"1266","NN0539",205000,739000,14,6,2012,2016
"1267","NM7601",176000,701000,10,10,2012,2017
"1268","NM7702",177000,702000,6,5,2012,2013
"1269","NH2801",228000,801000,3,3,2013,2014
"1270","NM7050",170000,750000,3,3,2013,2016
"1271","NM8161",181000,761000,4,4,2013,2017
"1272","NN1184",211000,784000,3,6,2008,2013
"1273","NG6106",161000,806000,3,3,2013,2016
"1274","NN1346",213000,746000,4,3,2013,2014
"1275","NN1751",217000,751000,3,4,2013,2014
"1276","NN1568",215000,768000,4,4,2013,2014
"1277","NN1562",215000,762000,5,4,2013,2016
"1278","NM7272",172000,772000,3,5,2013,2016
"1279","NM5942",159000,742000,3,3,2013,2017
"1280","NM5329",153000,729000,3,3,2013,2013
"1281","NM7602",176000,702000,9,10,2013,2017
"1282","NM9428",194000,728000,4,8,2013,2017
"1283","NR8498",184000,698000,3,3,2013,2016
"1284","NM8301",183000,701000,10,6,2013,2017
"1285","NM8428",184000,728000,4,5,2013,2017
"1286","NM3918",139000,718000,3,4,2013,2016
"1287","NM2060",120000,760000,4,6,2013,2016
"1288","NM1353",113000,753000,3,4,2013,2014
"1289","NM8513",185000,713000,4,4,2013,2017
"1290","NR6547",165000,647000,33,13,2013,2016
"1291","NR9491",194000,691000,4,2,2013,2016
"1292","NM7618",176000,718000,4,6,2013,2016
"1293","NR8294",182000,694000,3,4,2013,2014
"1294","NM8330",183000,730000,3,10,2013,2014
"1295","NR6636",166000,636000,3,1,2013,2016
"1296","NR2742",127000,642000,3,4,2013,2015
"1297","NS2587",225000,687000,11,8,2013,2015
"1298","NM9818",198000,718000,21,7,2013,2016
"1299","NM9917",199000,717000,26,10,2013,2016
"1300","NN0840",208000,740000,9,4,2013,2016
"1301","NG9904",199000,804000,3,2,2014,2016
"1302","NN1662",216000,762000,3,3,2014,2017
"1303","NN2578",225000,778000,3,4,2014,2016
"1304","NM5126",151000,726000,3,4,2014,2016
"1305","NM8525",185000,725000,6,7,2014,2017
"1306","NM9532",195000,732000,3,7,2014,2017
"1307","NM8526",185000,726000,3,5,2014,2016
"1308","NM1758",117000,758000,4,6,2014,2014
"1309","NM1858",118000,758000,4,4,2014,2014
"1310","NM7051",170000,751000,3,3,2014,2016
"1311","NM7151",171000,751000,3,3,2014,2016
"1312","NM9943",199000,743000,4,5,2014,2014
"1313","NM4758",147000,758000,3,3,2014,2016
"1314","NN0672",206000,772000,3,10,2014,2016
"1315","NS1887",218000,687000,3,4,2014,2017
"1316","NM7559",175000,759000,3,6,2015,2017
"1317","NM7163",171000,763000,7,4,2015,2016
"1318","NM7263",172000,763000,4,3,2015,2016
"1319","NM9140",191000,740000,5,6,2015,2017
"1320","NM8924",189000,724000,9,10,2015,2017
"1321","NM8211",182000,711000,3,2,2015,2017
"1322","NS2161",221000,661000,5,3,2015,2016
"1323","NG3704",137000,804000,5,5,2016,2017
"1324","NM6572",165000,772000,3,6,2016,2016
"1325","NS1168",211000,668000,3,4,2016,2017
"1326","NM3821",138000,721000,3,3,2016,2017
"1327","NG3604",136000,804000,5,4,2017,2017
"1328","NM8701",187000,701000,3,6,2017,2017
"1329","NR9987",199000,687000,3,3,2017,2017
