"","km_sq","easting","northing","Presence"
"1","NM8363",183000,763000,0
"2","NM8464",184000,764000,0
"3","NM8364",183000,764000,0
"4","NS0138",201000,638000,0
"5","NS0137",201000,637000,0
"6","NM4784",147000,784000,0
"7","NM4884",148000,784000,0
"8","NR7486",174000,686000,0
"9","NR7283",172000,683000,0
"10","NR7385",173000,685000,0
"11","NR7384",173000,684000,0
"12","NR7284",172000,684000,0
"13","NM7172",171000,772000,0
"14","NM5660",156000,760000,0
"15","NM7384",173000,784000,0
"16","NM7185",171000,785000,0
"17","NM9080",190000,780000,0
"18","NM9081",190000,781000,0
"19","NM8981",189000,781000,0
"20","NN0263",202000,763000,0
"21","NM7433",174000,733000,0
"22","NM5361",153000,761000,0
"23","NM5562",155000,762000,0
"24","NM5262",152000,762000,0
"25","NR1652",116000,652000,0
"26","NG7012",170000,812000,0
"27","NG7115",171000,815000,0
"28","NG6910",169000,810000,0
"29","NG6001",160000,801000,0
"30","NG7201",172000,801000,0
"31","NN0279",202000,779000,0
"32","NM9753",197000,753000,0
"33","NR4173",141000,673000,0
"34","NN0559",205000,759000,0
"35","NM7561",175000,761000,0
"36","NM8263",182000,763000,0
"37","NM5561",155000,761000,0
"38","NM8167",181000,767000,0
"39","NM7968",179000,768000,0
"40","NM6964",169000,764000,0
"41","NM6485",164000,785000,0
"42","NG7215",172000,815000,0
"43","NM4099",140000,799000,0
"44","NG7315",173000,815000,0
"45","NN1157",211000,757000,0
"46","NN1257",212000,757000,0
"47","NN1256",212000,756000,0
"48","NG5414",154000,814000,0
"49","NN1156",211000,756000,0
"50","NM9079",190000,779000,0
"51","NM9179",191000,779000,0
"52","NM9279",192000,779000,0
"53","NM7967",179000,767000,0
"54","NM7869",178000,769000,0
"55","NM7868",178000,768000,0
"56","NM8373",183000,773000,0
"57","NM8473",184000,773000,0
"58","NM8782",187000,782000,0
"59","NR4970",149000,670000,0
"60","NR2558",125000,658000,0
"61","NR4863",148000,663000,0
"62","NR3546",135000,646000,0
"63","NR3445",134000,645000,0
"64","NR3545",135000,645000,0
"65","NM7308",173000,708000,0
"66","NM7408",174000,708000,0
"67","NS0146",201000,646000,0
"68","NS0136",201000,636000,0
"69","NM9641",196000,741000,0
"70","NM9935",199000,735000,0
"71","NM9142",191000,742000,0
"72","NM3840",138000,740000,0
"73","NM4040",140000,740000,0
"74","NM4038",140000,738000,0
"75","NS3178",231000,678000,0
"76","NS3235",232000,635000,0
"77","NR7556",175000,656000,0
"78","NR7656",176000,656000,0
"79","NR7557",175000,657000,0
"80","NM7435",174000,735000,0
"81","NM8027",180000,727000,0
"82","NM3348",133000,748000,0
"83","NM3120",131000,720000,0
"84","NS2152",221000,652000,0
"85","NS3236",232000,636000,0
"86","NS3237",232000,637000,0
"87","NS2073",220000,673000,0
"88","NS3368",233000,668000,0
"89","NS3083",230000,683000,0
"90","NS3181",231000,681000,0
"91","NN0726",207000,726000,0
"92","NN0827",208000,727000,0
"93","NN0826",208000,726000,0
"94","NM9328",193000,728000,0
"95","NN0030",2e+05,730000,0
"96","NM9945",199000,745000,0
"97","NN0045",2e+05,745000,0
"98","NS3153",231000,653000,0
"99","NS3242",232000,642000,0
"100","NN2727",227000,727000,0
"101","NS1967",219000,667000,0
"102","NN0450",204000,750000,0
"103","NS1754",217000,654000,0
"104","NS1858",218000,658000,0
"105","NS2882",228000,682000,0
"106","NN2904",229000,704000,0
"107","NR8590",185000,690000,0
"108","NM5924",159000,724000,0
"109","NR8195",181000,695000,0
"110","NR8194",181000,694000,0
"111","NM7600",176000,7e+05,0
"112","NR7599",175000,699000,0
"113","NR7699",176000,699000,0
"114","NM2943",129000,743000,0
"115","NM2741",127000,741000,0
"116","NM2842",128000,742000,0
"117","NS0045",2e+05,645000,0
"118","NM5169",151000,769000,0
"119","NM5069",150000,769000,0
"120","NM6852",168000,752000,0
"121","NM6851",168000,751000,0
"122","NM6752",167000,752000,0
"123","NN1091",210000,791000,0
"124","NN1291",212000,791000,0
"125","NM7969",179000,769000,0
"126","NN2088",220000,788000,0
"127","NN2481",224000,781000,0
"128","NM5462",154000,762000,0
"129","NM5761",157000,761000,0
"130","NM6863",168000,763000,0
"131","NM5461",154000,761000,0
"132","NM6670",166000,770000,0
"133","NM4469",144000,769000,0
"134","NM5269",152000,769000,0
"135","NN2089",220000,789000,0
"136","NM9380",193000,780000,0
"137","NN0280",202000,780000,0
"138","NN0282",202000,782000,0
"139","NM9182",191000,782000,0
"140","NN1468",214000,768000,0
"141","NM9181",191000,781000,0
"142","NM8581",185000,781000,0
"143","NN1261",212000,761000,0
"144","NN1862",218000,762000,0
"145","NN1481",214000,781000,0
"146","NM5661",156000,761000,0
"147","NM5961",159000,761000,0
"148","NM5963",159000,763000,0
"149","NM9465",194000,765000,0
"150","NM4787",147000,787000,0
"151","NM4786",147000,786000,0
"152","NM4788",147000,788000,0
"153","NM7461",174000,761000,0
"154","NN1577",215000,777000,0
"155","NN1678",216000,778000,0
"156","NN0791",207000,791000,0
"157","NN0891",208000,791000,0
"158","NM8067",180000,767000,0
"159","NN1682",216000,782000,0
"160","NM4167",141000,767000,0
"161","NM6691",166000,791000,0
"162","NM4863",148000,763000,0
"163","NN0871",208000,771000,0
"164","NN0971",209000,771000,0
"165","NN0970",209000,770000,0
"166","NM7071",170000,771000,0
"167","NM7072",170000,772000,0
"168","NM8262",182000,762000,0
"169","NN0792",207000,792000,0
"170","NN1191",211000,791000,0
"171","NN1390",213000,790000,0
"172","NN2795",227000,795000,0
"173","NN1784",217000,784000,0
"174","NN1884",218000,784000,0
"175","NN1883",218000,783000,0
"176","NN1983",219000,783000,0
"177","NN1383",213000,783000,0
"178","NN1382",213000,782000,0
"179","NN1482",214000,782000,0
"180","NN1582",215000,782000,0
"181","NN1476",214000,776000,0
"182","NN2279",222000,779000,0
"183","NH2002",220000,802000,0
"184","NH2402",224000,802000,0
"185","NN1379",213000,779000,0
"186","NN1479",214000,779000,0
"187","NG7016",170000,816000,0
"188","NM9344",193000,744000,0
"189","NM8323",183000,723000,0
"190","NM4527",145000,727000,0
"191","NM8424",184000,724000,0
"192","NM9243",192000,743000,0
"193","NN0120",201000,720000,0
"194","NM7064",170000,764000,0
"195","NM8725",187000,725000,0
"196","NM4045",140000,745000,0
"197","NM8453",184000,753000,0
"198","NM9991",199000,791000,0
"199","NN0425",204000,725000,0
"200","NN0324",203000,724000,0
"201","NM9258",192000,758000,0
"202","NM9143",191000,743000,0
"203","NM4427",144000,727000,0
"204","NM4727",147000,727000,0
"205","NM4338",143000,738000,0
"206","NM4039",140000,739000,0
"207","NN0592",205000,792000,0
"208","NM9663",196000,763000,0
"209","NM7250",172000,750000,0
"210","NM6062",160000,762000,0
"211","NR4654",146000,654000,0
"212","NN0984",209000,784000,0
"213","NR3362",133000,662000,0
"214","NM4885",148000,785000,0
"215","NG3900",139000,8e+05,0
"216","NM4199",141000,799000,0
"217","NN1273",212000,773000,0
"218","NN2179",221000,779000,0
"219","NR4072",140000,672000,0
"220","NR3966",139000,666000,0
"221","NR4651",146000,651000,0
"222","NR3444",134000,644000,0
"223","NR4098",140000,698000,0
"224","NR3894",138000,694000,0
"225","NR2641",126000,641000,0
"226","NR4557",145000,657000,0
"227","NR2163",121000,663000,0
"228","NR3363",133000,663000,0
"229","NR9722",197000,622000,0
"230","NL9841",98000,741000,0
"231","NM0046",1e+05,746000,0
"232","NL9340",93000,740000,0
"233","NL9643",96000,743000,0
"234","NL9742",97000,742000,0
"235","NM0146",101000,746000,0
"236","NM0144",101000,744000,0
"237","NL9842",98000,742000,0
"238","NM0045",1e+05,745000,0
"239","NM0449",104000,749000,0
"240","NN0031",2e+05,731000,0
"241","NM7430",174000,730000,0
"242","NM7131",171000,731000,0
"243","NR3998",139000,698000,0
"244","NR3795",137000,695000,0
"245","NN0102",201000,702000,0
"246","NM4240",142000,740000,0
"247","NM4238",142000,738000,0
"248","NR8295",182000,695000,0
"249","NR6880",168000,680000,0
"250","NR8931",189000,631000,0
"251","NR9133",191000,633000,0
"252","NN0127",201000,727000,0
"253","NM9642",196000,742000,0
"254","NR7789",177000,689000,0
"255","NR7890",178000,690000,0
"256","NM8930",189000,730000,0
"257","NM9128",191000,728000,0
"258","NM9744",197000,744000,0
"259","NN0231",202000,731000,0
"260","NM9045",190000,745000,0
"261","NS0231",202000,631000,0
"262","NM8304",183000,704000,0
"263","NN3328",233000,728000,0
"264","NN0034",2e+05,734000,0
"265","NM8519",185000,719000,0
"266","NM8013",180000,713000,0
"267","NM2841",128000,741000,0
"268","NM9832",198000,732000,0
"269","NM9331",193000,731000,0
"270","NM8942",189000,742000,0
"271","NM9038",190000,738000,0
"272","NM9044",190000,744000,0
"273","NM8418",184000,718000,0
"274","NS3040",230000,640000,0
"275","NL9546",95000,746000,0
"276","NL9642",96000,742000,0
"277","NL9644",96000,744000,0
"278","NL9745",97000,745000,0
"279","NL9845",98000,745000,0
"280","NL9344",93000,744000,0
"281","NL9743",97000,743000,0
"282","NL9346",93000,746000,0
"283","NL9839",98000,739000,0
"284","NL9444",94000,744000,0
"285","NL9646",96000,746000,0
"286","NL9639",96000,739000,0
"287","NM2362",123000,762000,0
"288","NM1654",116000,754000,0
"289","NM2563",125000,763000,0
"290","NM1656",116000,756000,0
"291","NS0230",202000,630000,0
"292","NM4126",141000,726000,0
"293","NR7993",179000,693000,0
"294","NM7024",170000,724000,0
"295","NM9316",193000,716000,0
"296","NM5220",152000,720000,0
"297","NR6821",168000,621000,0
"298","NR6523",165000,623000,0
"299","NR6526",165000,626000,0
"300","NR8140",181000,640000,0
"301","NR7130",171000,630000,0
"302","NR7126",171000,626000,0
"303","NR7027",170000,627000,0
"304","NM9845",198000,745000,0
"305","NN0727",207000,727000,0
"306","NM4357",143000,757000,0
"307","NM4457",144000,757000,0
"308","NM4651",146000,751000,0
"309","NM4748",147000,748000,0
"310","NM4849",148000,749000,0
"311","NM5047",150000,747000,0
"312","NM5146",151000,746000,0
"313","NM4154",141000,754000,0
"314","NM9041",190000,741000,0
"315","NM5056",150000,756000,0
"316","NR8586",185000,686000,0
"317","NM9709",197000,709000,0
"318","NM3941",139000,741000,0
"319","NM3640",136000,740000,0
"320","NM9932",199000,732000,0
"321","NN0837",208000,737000,0
"322","NN1126",211000,726000,0
"323","NN0133",201000,733000,0
"324","NN0334",203000,734000,0
"325","NN0436",204000,736000,0
"326","NN0435",204000,735000,0
"327","NN0534",205000,734000,0
"328","NM9632",196000,732000,0
"329","NM4200",142000,7e+05,0
"330","NS3136",231000,636000,0
"331","NM9614",196000,714000,0
"332","NS0135",201000,635000,0
"333","NS1981",219000,681000,0
"334","NM4540",145000,740000,0
"335","NR6447",164000,647000,0
"336","NN2281",222000,781000,0
"337","NM9762",197000,762000,0
"338","NM9661",196000,761000,0
"339","NN0570",205000,770000,0
"340","NN2189",221000,789000,0
"341","NM7093",170000,793000,0
"342","NM7292",172000,792000,0
"343","NM6168",161000,768000,0
"344","NM5366",153000,766000,0
"345","NM6061",160000,761000,0
"346","NM6367",163000,767000,0
"347","NM7899",178000,799000,0
"348","NM7799",177000,799000,0
"349","NM4080",140000,780000,0
"350","NM4179",141000,779000,0
"351","NM6993",169000,793000,0
"352","NM6892",168000,792000,0
"353","NN2880",228000,780000,0
"354","NN2781",227000,781000,0
"355","NN1277",212000,777000,0
"356","NN2580",225000,780000,0
"357","NN2381",223000,781000,0
"358","NG2705",127000,805000,0
"359","NN1970",219000,770000,0
"360","NN1870",218000,770000,0
"361","NN1769",217000,769000,0
"362","NN1869",218000,769000,0
"363","NH2302",223000,802000,0
"364","NG3603",136000,803000,0
"365","NM6864",168000,764000,0
"366","NN1770",217000,770000,0
"367","NN1372",213000,772000,0
"368","NM9764",197000,764000,0
"369","NN0179",201000,779000,0
"370","NG8112",181000,812000,0
"371","NG9913",199000,813000,0
"372","NM6270",162000,770000,0
"373","NG7714",177000,814000,0
"374","NM4466",144000,766000,0
"375","NM7269",172000,769000,0
"376","NM5070",150000,770000,0
"377","NN0278",202000,778000,0
"378","NM7170",171000,770000,0
"379","NM7682",176000,782000,0
"380","NM6792",167000,792000,0
"381","NM6285",162000,785000,0
"382","NM6385",163000,785000,0
"383","NG7813",178000,813000,0
"384","NH3214",232000,814000,0
"385","NN1788",217000,788000,0
"386","NN1589",215000,789000,0
"387","NN1689",216000,789000,0
"388","NN1789",217000,789000,0
"389","NN1885",218000,785000,0
"390","NN1271",212000,771000,0
"391","NM6943",169000,743000,0
"392","NM7042",170000,742000,0
"393","NM7242",172000,742000,0
"394","NH2212",222000,812000,0
"395","NN1183",211000,783000,0
"396","NM4368",143000,768000,0
"397","NN1768",217000,768000,0
"398","NG8117",181000,817000,0
"399","NH1909",219000,809000,0
"400","NG5113",151000,813000,0
"401","NG5800",158000,8e+05,0
"402","NM5164",151000,764000,0
"403","NM5862",158000,762000,0
"404","NM5863",158000,763000,0
"405","NM5864",158000,764000,0
"406","NM4566",145000,766000,0
"407","NN1177",211000,777000,0
"408","NN1887",218000,787000,0
"409","NN0976",209000,776000,0
"410","NR2769",127000,669000,0
"411","NR3364",133000,664000,0
"412","NR4653",146000,653000,0
"413","NR2767",127000,667000,0
"414","NR2866",128000,666000,0
"415","NR3059",130000,659000,0
"416","NR3072",130000,672000,0
"417","NR2871",128000,671000,0
"418","NR3358",133000,658000,0
"419","NR3760",137000,660000,0
"420","NR1653",116000,653000,0
"421","NR2370",123000,670000,0
"422","NR4469",144000,669000,0
"423","NR2661",126000,661000,0
"424","NR2943",129000,643000,0
"425","NR3357",133000,657000,0
"426","NR3588",135000,688000,0
"427","NR3463",134000,663000,0
"428","NR4279",142000,679000,0
"429","NR3968",139000,668000,0
"430","NN0942",209000,742000,0
"431","NS3341",233000,641000,0
"432","NR7991",179000,691000,0
"433","NR8588",185000,688000,0
"434","NS3135",231000,635000,0
"435","NM2823",128000,723000,0
"436","NM6930",169000,730000,0
"437","NM0145",101000,745000,0
"438","NM0143",101000,743000,0
"439","NL9944",99000,744000,0
"440","NM0043",1e+05,743000,0
"441","NM0044",1e+05,744000,0
"442","NM3718",137000,718000,0
"443","NM4658",146000,758000,0
"444","NM5445",154000,745000,0
"445","NR8393",183000,693000,0
"446","NM4855",148000,755000,0
"447","NM3853",138000,753000,0
"448","NM6740",167000,740000,0
"449","NM4339",143000,739000,0
"450","NM4439",144000,739000,0
"451","NR8398",183000,698000,0
"452","NM5742",157000,742000,0
"453","NM3448",134000,748000,0
"454","NM3548",135000,748000,0
"455","NM9633",196000,733000,0
"456","NM9033",190000,733000,0
"457","NM8320",183000,720000,0
"458","NM8726",187000,726000,0
"459","NN0335",203000,735000,0
"460","NN0330",203000,730000,0
"461","NR7176",171000,676000,0
"462","NR7179",171000,679000,0
"463","NM8009",180000,709000,0
"464","NR6974",169000,674000,0
"465","NR7075",170000,675000,0
"466","NR5978",159000,678000,0
"467","NR7273",172000,673000,0
"468","NR6739",167000,639000,0
"469","NN3218",232000,718000,0
"470","NM7615",176000,715000,0
"471","NM8630",186000,730000,0
"472","NR7690",176000,690000,0
"473","NN0233",202000,733000,0
"474","NN0537",205000,737000,0
"475","NN0538",205000,738000,0
"476","NM8004",180000,704000,0
"477","NR7887",178000,687000,0
"478","NR8490",184000,690000,0
"479","NN2741",227000,741000,0
"480","NS2054",220000,654000,0
"481","NM8422",184000,722000,0
"482","NM8522",185000,722000,0
"483","NM8423",184000,723000,0
"484","NR9568",195000,668000,0
"485","NS3278",232000,678000,0
"486","NR7285",172000,685000,0
"487","NR7082",170000,682000,0
"488","NR6977",169000,677000,0
"489","NR7079",170000,679000,0
"490","NR6978",169000,678000,0
"491","NR6979",169000,679000,0
"492","NR7081",170000,681000,0
"493","NM7614",176000,714000,0
"494","NM7804",178000,704000,0
"495","NM6309",163000,709000,0
"496","NR7024",170000,624000,0
"497","NR6522",165000,622000,0
"498","NR6524",165000,624000,0
"499","NR6421",164000,621000,0
"500","NR6826",168000,626000,0
"501","NR6926",169000,626000,0
"502","NR6825",168000,625000,0
"503","NR7026",170000,626000,0
"504","NS1485",214000,685000,0
"505","NN0348",203000,748000,0
"506","NS0235",202000,635000,0
"507","NM9844",198000,744000,0
"508","NS0955",209000,655000,0
"509","NS2474",224000,674000,0
"510","NM5328",153000,728000,0
"511","NM6020",160000,720000,0
"512","NM6122",161000,722000,0
"513","NM5743",157000,743000,0
"514","NN0046",2e+05,746000,0
"515","NN0349",203000,749000,0
"516","NM8415",184000,715000,0
"517","NM9012",190000,712000,0
"518","NN0018",2e+05,718000,0
"519","NM4539",145000,739000,0
"520","NR6948",169000,648000,0
"521","NR6949",169000,649000,0
"522","NS2949",229000,649000,0
"523","NS2154",221000,654000,0
"524","NS2254",222000,654000,0
"525","NN2504",225000,704000,0
"526","NM3952",139000,752000,0
"527","NM4442",144000,742000,0
"528","NM4052",140000,752000,0
"529","NR3147",131000,647000,0
"530","NR3458",134000,658000,0
"531","NR1854",118000,654000,0
"532","NR2770",127000,670000,0
"533","NR3659",136000,659000,0
"534","NR3246",132000,646000,0
"535","NR3345",133000,645000,0
"536","NR3453",134000,653000,0
"537","NR2842",128000,642000,0
"538","NR2259",122000,659000,0
"539","NM9013",190000,713000,0
"540","NM8811",188000,711000,0
"541","NM9515",195000,715000,0
"542","NM9214",192000,714000,0
"543","NM8812",188000,712000,0
"544","NM8912",189000,712000,0
"545","NR7790",177000,690000,0
"546","NS1556",215000,656000,0
"547","NN0131",201000,731000,0
"548","NM6642",166000,742000,0
"549","NN0103",201000,703000,0
"550","NR9795",197000,695000,0
"551","NR7994",179000,694000,0
"552","NR9292",192000,692000,0
"553","NR9695",196000,695000,0
"554","NM4326",143000,726000,0
"555","NM4026",140000,726000,0
"556","NR6448",164000,648000,0
"557","NM7232",172000,732000,0
"558","NS1655",216000,655000,0
"559","NM4138",141000,738000,0
"560","NR8640",186000,640000,0
"561","NM0147",101000,747000,0
"562","NL9740",97000,740000,0
"563","NL9741",97000,741000,0
"564","NM0345",103000,745000,0
"565","NM0849",108000,749000,0
"566","NL9943",99000,743000,0
"567","NM0847",108000,747000,0
"568","NL9838",98000,738000,0
"569","NM0343",103000,743000,0
"570","NL9345",93000,745000,0
"571","NL9747",97000,747000,0
"572","NL9442",94000,742000,0
"573","NM0848",108000,748000,0
"574","NM0750",107000,750000,0
"575","NL9847",98000,747000,0
"576","NM0448",104000,748000,0
"577","NS2884",228000,684000,0
"578","NS2699",226000,699000,0
"579","NS2899",228000,699000,0
"580","NS3098",230000,698000,0
"581","NS2689",226000,689000,0
"582","NS2690",226000,690000,0
"583","NS3086",230000,686000,0
"584","NS2983",229000,683000,0
"585","NN3227",232000,727000,0
"586","NR6690",166000,690000,0
"587","NM4044",140000,744000,0
"588","NR7421",174000,621000,0
"589","NR9937",199000,637000,0
"590","NR7894",178000,694000,0
"591","NM7031",170000,731000,0
"592","NM5829",158000,729000,0
"593","NM2723",127000,723000,0
"594","NM2824",128000,724000,0
"595","NM4753",147000,753000,0
"596","NM4250",142000,750000,0
"597","NM4251",142000,751000,0
"598","NM6432",164000,732000,0
"599","NM5055",150000,755000,0
"600","NM4432",144000,732000,0
"601","NM3446",134000,746000,0
"602","NM3546",135000,746000,0
"603","NM4552",145000,752000,0
"604","NM3347",133000,747000,0
"605","NM2622",126000,722000,0
"606","NM5438",154000,738000,0
"607","NM6224",162000,724000,0
"608","NM6830",168000,730000,0
"609","NR7831",178000,631000,0
"610","NR6736",167000,636000,0
"611","NR7633",176000,633000,0
"612","NR7836",178000,636000,0
"613","NR7025",170000,625000,0
"614","NR7030",170000,630000,0
"615","NR7131",171000,631000,0
"616","NR7231",172000,631000,0
"617","NR6723",167000,623000,0
"618","NR6722",167000,622000,0
"619","NR6822",168000,622000,0
"620","NR7532",175000,632000,0
"621","NR7533",175000,633000,0
"622","NR7731",177000,631000,0
"623","NR7832",178000,632000,0
"624","NR7931",179000,631000,0
"625","NM9817",198000,717000,0
"626","NM9918",199000,718000,0
"627","NR7282",172000,682000,0
"628","NM8827",188000,727000,0
"629","NM2742",127000,742000,0
"630","NM4652",146000,752000,0
"631","NM5129",151000,729000,0
"632","NM3021",130000,721000,0
"633","NM5544",155000,744000,0
"634","NM4627",146000,727000,0
"635","NM4327",143000,727000,0
"636","NN2624",226000,724000,0
"637","NN2724",227000,724000,0
"638","NN2726",227000,726000,0
"639","NN2525",225000,725000,0
"640","NN2552",225000,752000,0
"641","NM8441",184000,741000,0
"642","NM8541",185000,741000,0
"643","NH2912",229000,812000,0
"644","NM4783",147000,783000,0
"645","NG5809",158000,809000,0
"646","NM6487",164000,787000,0
"647","NM6586",165000,786000,0
"648","NM6588",165000,788000,0
"649","NM6872",168000,772000,0
"650","NN0359",203000,759000,0
"651","NM9665",196000,765000,0
"652","NM6774",167000,774000,0
"653","NM6773",167000,773000,0
"654","NM6965",169000,765000,0
"655","NM7462",174000,762000,0
"656","NN0378",203000,778000,0
"657","NN1371",213000,771000,0
"658","NM7264",172000,764000,0
"659","NN1957",219000,757000,0
"660","NG2204",122000,804000,0
"661","NM4267",142000,767000,0
"662","NM6772",167000,772000,0
"663","NH2211",222000,811000,0
"664","NM4785",147000,785000,0
"665","NM4890",148000,790000,0
"666","NN2170",221000,770000,0
"667","NM8061",180000,761000,0
"668","NM6467",164000,767000,0
"669","NM8062",180000,762000,0
"670","NM6445",164000,745000,0
"671","NM6590",165000,790000,0
"672","NM8162",181000,762000,0
"673","NN0858",208000,758000,0
"674","NN1058",210000,758000,0
"675","NN0560",205000,760000,0
"676","NM9756",197000,756000,0
"677","NM9482",194000,782000,0
"678","NM9563",195000,763000,0
"679","NG2506",125000,806000,0
"680","NG2605",126000,805000,0
"681","NN1988",219000,788000,0
"682","NR6841",168000,641000,0
"683","NR8039",180000,639000,0
"684","NR7132",171000,632000,0
"685","NR9838",198000,638000,0
"686","NR9938",199000,638000,0
"687","NM9042",190000,742000,0
"688","NM8711",187000,711000,0
"689","NR8688",186000,688000,0
"690","NS1749",217000,649000,0
"691","NR7487",174000,687000,0
"692","NM9825",198000,725000,0
"693","NM3645",136000,745000,0
"694","NS3063",230000,663000,0
"695","NS3163",231000,663000,0
"696","NS3072",230000,672000,0
"697","NS2472",224000,672000,0
"698","NS0366",203000,666000,0
"699","NS0466",204000,666000,0
"700","NS2156",221000,656000,0
"701","NS2074",220000,674000,0
"702","NS2365",223000,665000,0
"703","NM0247",102000,747000,0
"704","NL9843",98000,743000,0
"705","NM0346",103000,746000,0
"706","NM0248",102000,748000,0
"707","NM0747",107000,747000,0
"708","NM0445",104000,745000,0
"709","NL9440",94000,740000,0
"710","NL9945",99000,745000,0
"711","NM5252",152000,752000,0
"712","NM9145",191000,745000,0
"713","NR3071",130000,671000,0
"714","NR4652",146000,652000,0
"715","NM4438",144000,738000,0
"716","NM6024",160000,724000,0
"717","NR7791",177000,691000,0
"718","NR6980",169000,680000,0
"719","NR3791",137000,691000,0
"720","NR3491",134000,691000,0
"721","NR3892",138000,692000,0
"722","NR3891",138000,691000,0
"723","NR3997",139000,697000,0
"724","NR3996",139000,696000,0
"725","NR3691",136000,691000,0
"726","NR3695",136000,695000,0
"727","NR3893",138000,693000,0
"728","NR3689",136000,689000,0
"729","NR3690",136000,690000,0
"730","NR3896",138000,696000,0
"731","NM3023",130000,723000,0
"732","NM2843",128000,743000,0
"733","NR4096",140000,696000,0
"734","NM9136",191000,736000,0
"735","NR3591",135000,691000,0
"736","NR4199",141000,699000,0
"737","NR3797",137000,697000,0
"738","NR3995",139000,695000,0
"739","NR4095",140000,695000,0
"740","NM8530",185000,730000,0
"741","NM8340",183000,740000,0
"742","NM7333",173000,733000,0
"743","NR3897",138000,697000,0
"744","NM3447",134000,747000,0
"745","NM3545",135000,745000,0
"746","NM3547",135000,747000,0
"747","NM7137",171000,737000,0
"748","NM2159",121000,759000,0
"749","NM0749",107000,749000,0
"750","NM2055",120000,755000,0
"751","NL9540",95000,740000,0
"752","NL9640",96000,740000,0
"753","NM1757",117000,757000,0
"754","NM2463",124000,763000,0
"755","NM2157",121000,757000,0
"756","NM2257",122000,757000,0
"757","NM1253",112000,753000,0
"758","NM1453",114000,753000,0
"759","NM2156",121000,756000,0
"760","NM1959",119000,759000,0
"761","NM0444",104000,744000,0
"762","NM1655",116000,755000,0
"763","NM2763",127000,763000,0
"764","NL9541",95000,741000,0
"765","NL9641",96000,741000,0
"766","NM1553",115000,753000,0
"767","NM2764",127000,764000,0
"768","NM1554",115000,754000,0
"769","NM0548",105000,748000,0
"770","NM3235",132000,735000,0
"771","NM4356",143000,756000,0
"772","NM4553",145000,753000,0
"773","NM7701",177000,701000,0
"774","NM7700",177000,7e+05,0
"775","NR8190",181000,690000,0
"776","NS1947",219000,647000,0
"777","NR7891",178000,691000,0
"778","NM8228",182000,728000,0
"779","NM8227",182000,727000,0
"780","NM8643",186000,743000,0
"781","NM8026",180000,726000,0
"782","NM7926",179000,726000,0
"783","NM8542",185000,742000,0
"784","NM8845",188000,745000,0
"785","NM8543",185000,743000,0
"786","NM8844",188000,744000,0
"787","NR9492",194000,692000,0
"788","NR9897",198000,697000,0
"789","NR3693",136000,693000,0
"790","NR3694",136000,694000,0
"791","NR3696",136000,696000,0
"792","NR3898",138000,698000,0
"793","NR4097",140000,697000,0
"794","NR4099",140000,699000,0
"795","NR4198",141000,698000,0
"796","NR3488",134000,688000,0
"797","NR3587",135000,687000,0
"798","NR3688",136000,688000,0
"799","NM3751",137000,751000,0
"800","NS3064",230000,664000,0
"801","NS1759",217000,659000,0
"802","NS3073",230000,673000,0
"803","NS1750",217000,650000,0
"804","NS0465",204000,665000,0
"805","NS1657",216000,657000,0
"806","NM4239",142000,739000,0
"807","NM3945",139000,745000,0
"808","NM8632",186000,732000,0
"809","NS1584",215000,684000,0
"810","NS3037",230000,637000,0
"811","NS3234",232000,634000,0
"812","NS3232",232000,632000,0
"813","NS3233",232000,633000,0
"814","NN2427",224000,727000,0
"815","NN1429",214000,729000,0
"816","NS2577",225000,677000,0
"817","NL9738",97000,738000,0
"818","NM0347",103000,747000,0
"819","NM4556",145000,756000,0
"820","NM4752",147000,752000,0
"821","NM8939",189000,739000,0
"822","NM8121",181000,721000,0
"823","NM9037",190000,737000,0
"824","NM8300",183000,7e+05,0
"825","NR8297",182000,697000,0
"826","NM8011",180000,711000,0
"827","NR8491",184000,691000,0
"828","NR8396",183000,696000,0
"829","NM8517",185000,717000,0
"830","NN2327",223000,727000,0
"831","NM9944",199000,744000,0
"832","NM9544",195000,744000,0
"833","NR8092",180000,692000,0
"834","NM8412",184000,712000,0
"835","NM8221",182000,721000,0
"836","NN1227",212000,727000,0
"837","NM9034",190000,734000,0
"838","NM9040",190000,740000,0
"839","NS0856",208000,656000,0
"840","NM4257",142000,757000,0
"841","NM5538",155000,738000,0
"842","NM5621",156000,721000,0
"843","NM5421",154000,721000,0
"844","NM7514",175000,714000,0
"845","NN1361",213000,761000,0
"846","NR6879",168000,679000,0
"847","NM8834",188000,734000,0
"848","NR7524",175000,624000,0
"849","NR2066",120000,666000,0
"850","NM9739",197000,739000,0
"851","NN1174",211000,774000,0
"852","NM6796",167000,796000,0
"853","NM6577",165000,777000,0
"854","NM6865",168000,765000,0
"855","NM6476",164000,776000,0
"856","NM6477",164000,777000,0
"857","NM4468",144000,768000,0
"858","NM6671",166000,771000,0
"859","NG7015",170000,815000,0
"860","NG5808",158000,808000,0
"861","NM6897",168000,797000,0
"862","NM9260",192000,760000,0
"863","NN0469",204000,769000,0
"864","NN0261",202000,761000,0
"865","NN0361",203000,761000,0
"866","NM9963",199000,763000,0
"867","NM9560",195000,760000,0
"868","NM6744",167000,744000,0
"869","NN1961",219000,761000,0
"870","NN1461",214000,761000,0
"871","NM6686",166000,786000,0
"872","NG6304",163000,804000,0
"873","NN1076",210000,776000,0
"874","NM6567",165000,767000,0
"875","NR6632",166000,632000,0
"876","NR8138",181000,638000,0
"877","NN0362",203000,762000,0
"878","NN0363",203000,763000,0
"879","NN0364",203000,764000,0
"880","NN0877",208000,777000,0
"881","NN1375",213000,775000,0
"882","NN0057",2e+05,757000,0
"883","NN0857",208000,757000,0
"884","NN0078",2e+05,778000,0
"885","NH1501",215000,801000,0
"886","NN1483",214000,783000,0
"887","NM6896",168000,796000,0
"888","NN1161",211000,761000,0
"889","NM6692",166000,792000,0
"890","NM8654",186000,754000,0
"891","NM9763",197000,763000,0
"892","NG6303",163000,803000,0
"893","NM7961",179000,761000,0
"894","NN2057",220000,757000,0
"895","NN1581",215000,781000,0
"896","NN1283",212000,783000,0
"897","NM6284",162000,784000,0
"898","NM4467",144000,767000,0
"899","NG6113",161000,813000,0
"900","NM6984",169000,784000,0
"901","NN1449",214000,749000,0
"902","NM4584",145000,784000,0
"903","NM4790",147000,790000,0
"904","NR6927",169000,627000,0
"905","NM3318",133000,718000,0
"906","NM3854",138000,754000,0
"907","NM3953",139000,753000,0
"908","NR2741",127000,641000,0
"909","NM3753",137000,753000,0
"910","NM3346",133000,746000,0
"911","NM3549",135000,749000,0
"912","NM3648",136000,748000,0
"913","NM3748",137000,748000,0
"914","NS3039",230000,639000,0
"915","NM8419",184000,719000,0
"916","NS0266",202000,666000,0
"917","NS1153",211000,653000,0
"918","NR3890",138000,690000,0
"919","NS0037",2e+05,637000,0
"920","NM8629",186000,729000,0
"921","NM8704",187000,704000,0
"922","NS2372",223000,672000,0
"923","NS2052",220000,652000,0
"924","NR3590",135000,690000,0
"925","NR3592",135000,692000,0
"926","NR3796",137000,696000,0
"927","NR3991",139000,691000,0
"928","NR3992",139000,692000,0
"929","NR4299",142000,699000,0
"930","NR3386",133000,686000,0
"931","NR9822",198000,622000,0
"932","NR8687",186000,687000,0
"933","NS3164",231000,664000,0
"934","NS3268",232000,668000,0
"935","NM8037",180000,737000,0
"936","NM8137",181000,737000,0
"937","NM9135",191000,735000,0
"938","NM4351",143000,751000,0
"939","NL9445",94000,745000,0
"940","NL9947",99000,747000,0
"941","NS1968",219000,668000,0
"942","NM7410",174000,710000,0
"943","NS1676",216000,676000,0
"944","NS0038",2e+05,638000,0
"945","NN3220",232000,720000,0
"946","NM9854",198000,754000,0
"947","NS0174",201000,674000,0
"948","NS1052",210000,652000,0
"949","NM8005",180000,705000,0
"950","NR9269",192000,669000,0
"951","NN3235",232000,735000,0
"952","NN3230",232000,730000,0
"953","NN2742",227000,742000,0
"954","NS0133",201000,633000,0
"955","NM3647",136000,747000,0
"956","NR9771",197000,671000,0
"957","NR9671",196000,671000,0
"958","NM7927",179000,727000,0
"959","NM8127",181000,727000,0
"960","NR6525",165000,625000,0
"961","NM4558",145000,758000,0
"962","NM5350",153000,750000,0
"963","NM5521",155000,721000,0
"964","NM7038",170000,738000,0
"965","NM7236",172000,736000,0
"966","NM7535",175000,735000,0
"967","NM6641",166000,741000,0
"968","NM5341",153000,741000,0
"969","NM5441",154000,741000,0
"970","NM5429",154000,729000,0
"971","NM7235",172000,735000,0
"972","NM7233",172000,733000,0
"973","NM7335",173000,735000,0
"974","NM7432",174000,732000,0
"975","NS0225",202000,625000,0
"976","NM7037",170000,737000,0
"977","NM3846",138000,746000,0
"978","NM3947",139000,747000,0
"979","NM3651",136000,751000,0
"980","NM3948",139000,748000,0
"981","NM3746",137000,746000,0
"982","NM3646",136000,746000,0
"983","NR9351",193000,651000,0
"984","NM9146",191000,746000,0
"985","NM9141",191000,741000,0
"986","NM8627",186000,727000,0
"987","NM9830",198000,730000,0
"988","NN0130",201000,730000,0
"989","NS0221",202000,621000,0
"990","NS1952",219000,652000,0
"991","NM8745",187000,745000,0
"992","NM9816",198000,716000,0
"993","NR8179",181000,679000,0
"994","NS3075",230000,675000,0
"995","NS0274",202000,674000,0
"996","NM8020",180000,720000,0
"997","NR8828",188000,628000,0
"998","NS2186",221000,686000,0
"999","NM0244",102000,744000,0
"1000","NL9545",95000,745000,0
"1001","NR8829",188000,629000,0
"1002","NM9134",191000,734000,0
"1003","NM7936",179000,736000,0
"1004","NS2741",227000,641000,0
"1005","NS1682",216000,682000,0
"1006","NM9246",192000,746000,0
"1007","NR9449",194000,649000,0
"1008","NR9452",194000,652000,0
"1009","NM9133",191000,733000,0
"1010","NM8828",188000,728000,0
"1011","NM5034",150000,734000,0
"1012","NM5135",151000,735000,0
"1013","NN2625",226000,725000,0
"1014","NS0425",204000,625000,0
"1015","NR8694",186000,694000,0
"1016","NN3028",230000,728000,0
"1017","NH2110",221000,810000,0
"1018","NM9247",192000,747000,0
"1019","NG7600",176000,8e+05,0
"1020","NN2081",220000,781000,0
"1021","NN0943",209000,743000,0
"1022","NN1043",210000,743000,0
"1023","NN1044",210000,744000,0
"1024","NN1145",211000,745000,0
"1025","NN1084",210000,784000,0
"1026","NN0759",207000,759000,0
"1027","NN0960",209000,760000,0
"1028","NN1378",213000,778000,0
"1029","NN1477",214000,777000,0
"1030","NM6672",166000,772000,0
"1031","NN0860",208000,760000,0
"1032","NM7883",178000,783000,0
"1033","NM9755",197000,755000,0
"1034","NH1301",213000,801000,0
"1035","NM9891",198000,791000,0
"1036","NN0884",208000,784000,0
"1037","NN2082",220000,782000,0
"1038","NM7411",174000,711000,0
"1039","NR6947",169000,647000,0
"1040","NM4557",145000,757000,0
"1041","NM7434",174000,734000,0
"1042","NM6441",164000,741000,0
"1043","NM6739",167000,739000,0
"1044","NM5054",150000,754000,0
"1045","NS1063",210000,663000,0
"1046","NS1058",210000,658000,0
"1047","NM3719",137000,719000,0
"1048","NM3845",138000,745000,0
"1049","NM4453",144000,753000,0
"1050","NM3219",132000,719000,0
"1051","NM4118",141000,718000,0
"1052","NM9946",199000,746000,0
"1053","NN2344",223000,744000,0
"1054","NS3162",231000,662000,0
"1055","NS2864",228000,664000,0
"1056","NS2964",229000,664000,0
"1057","NM4757",147000,757000,0
"1058","NS1748",217000,648000,0
"1059","NM4954",149000,754000,0
"1060","NM4054",140000,754000,0
"1061","NM6123",161000,723000,0
"1062","NS2057",220000,657000,0
"1063","NM9236",192000,736000,0
"1064","NM7412",174000,712000,0
"1065","NM7407",174000,707000,0
"1066","NM8724",187000,724000,0
"1067","NM9231",192000,731000,0
"1068","NM8520",185000,720000,0
"1069","NM8620",186000,720000,0
"1070","NM8120",181000,720000,0
"1071","NM7819",178000,719000,0
"1072","NM8400",184000,7e+05,0
"1073","NM8401",184000,701000,0
"1074","NM8829",188000,729000,0
"1075","NN0132",201000,732000,0
"1076","NM8312",183000,712000,0
"1077","NM7417",174000,717000,0
"1078","NM7516",175000,716000,0
"1079","NM4100",141000,7e+05,0
"1080","NR3593",135000,693000,0
"1081","NR3687",136000,687000,0
"1082","NR3787",137000,687000,0
"1083","NR3789",137000,689000,0
"1084","NR3994",139000,694000,0
"1085","NN0248",202000,748000,0
"1086","NN2002",220000,702000,0
"1087","NL9946",99000,746000,0
"1088","NR8558",185000,658000,0
"1089","NR8657",186000,657000,0
"1090","NS2171",221000,671000,0
"1091","NS0087",2e+05,687000,0
"1092","NS2466",224000,666000,0
"1093","NR9369",193000,669000,0
"1094","NR9873",198000,673000,0
"1095","NS3355",233000,655000,0
"1096","NL9547",95000,747000,0
"1097","NM0245",102000,745000,0
"1098","NN2342",223000,742000,0
"1099","NM8528",185000,728000,0
"1100","NS3231",232000,631000,0
"1101","NM9931",199000,731000,0
"1102","NM9332",193000,732000,0
"1103","NM2161",121000,761000,0
"1104","NM7515",175000,715000,0
"1105","NM8019",180000,719000,0
"1106","NR8187",181000,687000,0
"1107","NS3262",232000,662000,0
"1108","NN3009",230000,709000,0
"1109","NM9137",191000,737000,0
"1110","NR7525",175000,625000,0
"1111","NF8113",81000,813000,0
"1112","NH2210",222000,810000,0
"1113","NM6161",161000,761000,0
"1114","NM5163",151000,763000,0
"1115","NM6685",166000,785000,0
"1116","NM6260",162000,760000,0
"1117","NN1059",210000,759000,0
"1118","NN0958",209000,758000,0
"1119","NN1677",216000,777000,0
"1120","NN1889",218000,789000,0
"1121","NN1669",216000,769000,0
"1122","NM6551",165000,751000,0
"1123","NN1158",211000,758000,0
"1124","NN1173",211000,773000,0
"1125","NM8147",181000,747000,0
"1126","NM8146",181000,746000,0
"1127","NM8145",181000,745000,0
"1128","NM8246",182000,746000,0
"1129","NR8261",182000,661000,0
"1130","NM6125",161000,725000,0
"1131","NM5548",155000,748000,0
"1132","NM4746",147000,746000,0
"1133","NM5351",153000,751000,0
"1134","NS3241",232000,641000,0
"1135","NM3119",131000,719000,0
"1136","NM7534",175000,734000,0
"1137","NM7331",173000,731000,0
"1138","NM5229",152000,729000,0
"1139","NM5253",152000,753000,0
"1140","NR8843",188000,643000,0
"1141","NN2307",223000,707000,0
"1142","NM9738",197000,738000,0
"1143","NN1805",218000,705000,0
"1144","NM5140",151000,740000,0
"1145","NM5226",152000,726000,0
"1146","NM8727",187000,727000,0
"1147","NS2046",220000,646000,0
"1148","NS2243",222000,643000,0
"1149","NS3143",231000,643000,0
"1150","NR8655",186000,655000,0
"1151","NS2242",222000,642000,0
"1152","NM8111",181000,711000,0
"1153","NS2939",229000,639000,0
"1154","NM0348",103000,748000,0
"1155","NS2883",228000,683000,0
"1156","NM6223",162000,723000,0
"1157","NR2664",126000,664000,0
"1158","NS1776",217000,676000,0
"1159","NS2371",223000,671000,0
"1160","NS2471",224000,671000,0
"1161","NM9346",193000,746000,0
"1162","NM9223",192000,723000,0
"1163","NM8720",187000,720000,0
"1164","NM7513",175000,713000,0
"1165","NS2740",227000,640000,0
"1166","NS2839",228000,639000,0
"1167","NS2938",229000,638000,0
"1168","NR7990",179000,690000,0
"1169","NR7829",178000,629000,0
"1170","NS1385",213000,685000,0
"1171","NM9954",199000,754000,0
"1172","NG6005",160000,805000,0
"1173","NM7180",171000,780000,0
"1174","NN1457",214000,757000,0
"1175","NM9464",194000,764000,0
"1176","NM4662",146000,762000,0
"1177","NN1668",216000,768000,0
"1178","NN0158",201000,758000,0
"1179","NR7127",171000,627000,0
"1180","NM7431",174000,731000,0
"1181","NM4456",144000,756000,0
"1182","NM4256",142000,756000,0
"1183","NM5823",158000,723000,0
"1184","NM7231",172000,731000,0
"1185","NM6532",165000,732000,0
"1186","NS2641",226000,641000,0
"1187","NS0762",207000,662000,0
"1188","NS0864",208000,664000,0
"1189","NR8768",187000,668000,0
"1190","NM5352",153000,752000,0
"1191","NS2640",226000,640000,0
"1192","NM9024",190000,724000,0
"1193","NM9124",191000,724000,0
"1194","NM9930",199000,730000,0
"1195","NS3248",232000,648000,0
"1196","NS1852",218000,652000,0
"1197","NS2972",229000,672000,0
"1198","NS2871",228000,671000,0
"1199","NM8612",186000,712000,0
"1200","NM8516",185000,716000,0
"1201","NR3070",130000,670000,0
"1202","NR7150",171000,650000,0
"1203","NR8485",184000,685000,0
"1204","NM6226",162000,726000,0
"1205","NM9533",195000,733000,0
"1206","NS2771",227000,671000,0
"1207","NS2048",220000,648000,0
"1208","NG5905",159000,805000,0
"1209","NG5908",159000,808000,0
"1210","NG5706",157000,806000,0
"1211","NN1550",215000,750000,0
"1212","NN0660",206000,760000,0
"1213","NN1551",215000,751000,0
"1214","NN1962",219000,762000,0
"1215","NN1448",214000,748000,0
"1216","NM9792",197000,792000,0
"1217","NM9992",199000,792000,0
"1218","NN0092",2e+05,792000,0
"1219","NM9791",197000,791000,0
"1220","NM1556",115000,756000,0
"1221","NM5929",159000,729000,0
"1222","NM6531",165000,731000,0
"1223","NM9644",196000,744000,0
"1224","NN0027",2e+05,727000,0
"1225","NM8501",185000,701000,0
"1226","NM8512",185000,712000,0
"1227","NR8797",187000,697000,0
"1228","NR8897",188000,697000,0
"1229","NM8825",188000,725000,0
"1230","NM9928",199000,728000,0
"1231","NM4252",142000,752000,0
"1232","NM1756",117000,756000,0
"1233","NM1653",116000,753000,0
"1234","NM9123",191000,723000,0
"1235","NN0740",207000,740000,0
"1236","NR8095",180000,695000,0
"1237","NM7313",173000,713000,0
"1238","NR8293",182000,693000,0
"1239","NR7996",179000,696000,0
"1240","NR8399",183000,699000,0
"1241","NM8529",185000,729000,0
"1242","NM8101",181000,701000,0
"1243","NR7485",174000,685000,0
"1244","NS2573",225000,673000,0
"1245","NM9315",193000,715000,0
"1246","NS3041",230000,641000,0
"1247","NM1552",115000,752000,0
"1248","NM1754",117000,754000,0
"1249","NM1454",114000,754000,0
"1250","NM2256",122000,756000,0
"1251","NM1854",118000,754000,0
"1252","NM2258",122000,758000,0
"1253","NN0814",208000,714000,0
"1254","NM7616",176000,716000,0
"1255","NM9733",197000,733000,0
"1256","NM9545",195000,745000,0
"1257","NR8392",183000,692000,0
"1258","NR9350",193000,650000,0
"1259","NM9510",195000,710000,0
"1260","NM9347",193000,747000,0
"1261","NM8611",186000,711000,0
"1262","NR8178",181000,678000,0
"1263","NR7778",177000,678000,0
"1264","NM9833",198000,733000,0
"1265","NN0640",206000,740000,0
"1266","NN0539",205000,739000,0
"1267","NM7601",176000,701000,0
"1268","NM7702",177000,702000,0
"1269","NH2801",228000,801000,0
"1270","NM7050",170000,750000,0
"1271","NM8161",181000,761000,0
"1272","NN1184",211000,784000,0
"1273","NG6106",161000,806000,0
"1274","NN1346",213000,746000,0
"1275","NN1751",217000,751000,0
"1276","NN1568",215000,768000,0
"1277","NN1562",215000,762000,0
"1278","NM7272",172000,772000,0
"1279","NM5942",159000,742000,0
"1280","NM5329",153000,729000,0
"1281","NM7602",176000,702000,0
"1282","NM9428",194000,728000,0
"1283","NR8498",184000,698000,0
"1284","NM8301",183000,701000,0
"1285","NM8428",184000,728000,0
"1286","NM3918",139000,718000,0
"1287","NM2060",120000,760000,0
"1288","NM1353",113000,753000,0
"1289","NM8513",185000,713000,0
"1290","NR6547",165000,647000,0
"1291","NR9491",194000,691000,0
"1292","NM7618",176000,718000,0
"1293","NR8294",182000,694000,0
"1294","NM8330",183000,730000,0
"1295","NR6636",166000,636000,0
"1296","NR2742",127000,642000,0
"1297","NS2587",225000,687000,0
"1298","NM9818",198000,718000,0
"1299","NM9917",199000,717000,0
"1300","NN0840",208000,740000,0
"1301","NG9904",199000,804000,0
"1302","NN1662",216000,762000,0
"1303","NN2578",225000,778000,0
"1304","NM5126",151000,726000,0
"1305","NM8525",185000,725000,0
"1306","NM9532",195000,732000,0
"1307","NM8526",185000,726000,0
"1308","NM1758",117000,758000,0
"1309","NM1858",118000,758000,0
"1310","NM7051",170000,751000,0
"1311","NM7151",171000,751000,0
"1312","NM9943",199000,743000,0
"1313","NM4758",147000,758000,0
"1314","NN0672",206000,772000,0
"1315","NS1887",218000,687000,0
"1316","NM7559",175000,759000,0
"1317","NM7163",171000,763000,0
"1318","NM7263",172000,763000,0
"1319","NM9140",191000,740000,0
"1320","NM8924",189000,724000,0
"1321","NM8211",182000,711000,0
"1322","NS2161",221000,661000,0
"1323","NG3704",137000,804000,0
"1324","NM6572",165000,772000,0
"1325","NS1168",211000,668000,0
"1326","NM3821",138000,721000,0
"1327","NG3604",136000,804000,0
"1328","NM8701",187000,701000,0
"1329","NR9987",199000,687000,0
"1330","NM9932",199000,732000,1
"1331","NR7099",170000,699000,1
"1332","NR7080",170000,680000,1
"1333","NM7232",172000,732000,1
"1334","NR6979",169000,679000,1
"1335","NR7181",171000,681000,1
"1336","NR7081",170000,681000,1
"1337","NM7903",179000,703000,1
"1338","NR8093",180000,693000,1
"1339","NM8725",187000,725000,1
"1340","NM9830",198000,730000,1
"1341","NM7514",175000,714000,1
"1342","NR7285",172000,685000,1
"1343","NM8107",181000,707000,1
"1344","NR6980",169000,680000,1
"1345","NR7283",172000,683000,1
"1346","NR7284",172000,684000,1
"1347","NR7384",173000,684000,1
"1348","NR7385",173000,685000,1
"1349","NR2772",127000,672000,1
"1350","NR2773",127000,673000,1
"1351","NM8423",184000,723000,1
"1352","NR2768",127000,668000,1
"1353","NM7614",176000,714000,1
"1354","NM9342",193000,742000,1
"1355","NR7282",172000,682000,1
"1356","NM9140",191000,740000,1
"1357","NR1752",117000,652000,1
"1358","NM9633",196000,733000,1
"1359","NM9831",198000,731000,1
"1360","NM8942",189000,742000,1
"1361","NR2965",129000,665000,1
"1362","NR1751",117000,651000,1
"1363","NR2562",125000,662000,1
"1364","NR7383",173000,683000,1
"1365","NM7432",174000,732000,1
"1366","NM7615",176000,715000,1
"1367","NR2769",127000,669000,1
"1368","NR7079",170000,679000,1
"1369","NR2269",122000,669000,1
"1370","NR2872",128000,672000,1
"1371","NR3373",133000,673000,1
"1372","NM7333",173000,733000,1
"1373","NR3386",133000,686000,1
"1374","NR6899",168000,699000,1
"1375","NR6185",161000,685000,1
"1376","NR6996",169000,696000,1
"1377","NR7097",170000,697000,1
"1378","NR7096",170000,696000,1
"1379","NR6894",168000,694000,1
"1380","NR6895",168000,695000,1
"1381","NR4469",144000,669000,1
"1382","NR3689",136000,689000,1
"1383","NM7031",170000,731000,1
"1384","NM7332",173000,732000,1
"1385","NM8240",182000,740000,1
"1386","NM8441",184000,741000,1
"1387","NM5146",151000,746000,1
"1388","NM6829",168000,729000,1
"1389","NM5147",151000,747000,1
"1390","NM8339",183000,739000,1
"1391","NM7131",171000,731000,1
"1392","NM7902",179000,702000,1
"1393","NM9041",190000,741000,1
"1394","NR7387",173000,687000,1
"1395","NM7433",174000,733000,1
"1396","NR2170",121000,670000,1
"1397","NR4552",145000,652000,1
"1398","NR2066",120000,666000,1
"1399","NM8627",186000,727000,1
"1400","NR3962",139000,662000,1
"1401","NR4164",141000,664000,1
"1402","NM9146",191000,746000,1
"1403","NM8340",183000,740000,1
"1404","NN0030",2e+05,730000,1
"1405","NR1654",116000,654000,1
"1406","NM7703",177000,703000,1
"1407","NM7803",178000,703000,1
"1408","NR7180",171000,680000,1
"1409","NM7330",173000,730000,1
"1410","NM7328",173000,728000,1
"1411","NM7802",178000,702000,1
"1412","NR1653",116000,653000,1
"1413","NM7430",174000,730000,1
"1414","NR8490",184000,690000,1
"1415","NM3923",139000,723000,1
"1416","NR2871",128000,671000,1
"1417","NR6893",168000,693000,1
"1418","NR6692",166000,692000,1
"1419","NM7804",178000,704000,1
"1420","NR6183",161000,683000,1
"1421","NR8094",180000,694000,1
"1422","NR3359",133000,659000,1
"1423","NM9242",192000,742000,1
"1424","NM4339",143000,739000,1
"1425","NM4439",144000,739000,1
"1426","NR3968",139000,668000,1
"1427","NM8442",184000,742000,1
"1428","NR8796",187000,696000,1
"1429","NM4023",140000,723000,1
"1430","NM7701",177000,701000,1
"1431","NR4553",145000,653000,1
"1432","NM4022",140000,722000,1
"1433","NR8591",185000,691000,1
"1434","NM5445",154000,745000,1
"1435","NR2770",127000,670000,1
"1436","NM8422",184000,722000,1
"1437","NR5063",150000,663000,1
"1438","NR8390",183000,690000,1
"1439","NR2660",126000,660000,1
"1440","NR1553",115000,653000,1
"1441","NR2569",125000,669000,1
"1442","NN1256",212000,756000,1
"1443","NM9243",192000,743000,1
"1444","NM9832",198000,732000,1
"1445","NR7791",177000,691000,1
"1446","NR7689",176000,689000,1
"1447","NM7921",179000,721000,1
"1448","NM8303",183000,703000,1
"1449","NM8105",181000,705000,1
"1450","NM8601",186000,701000,1
"1451","NM6830",168000,730000,1
"1452","NM8532",185000,732000,1
"1453","NR6879",168000,679000,1
"1454","NR8190",181000,690000,1
"1455","NS0274",202000,674000,1
"1456","NM9544",195000,744000,1
"1457","NR6653",166000,653000,1
"1458","NM8541",185000,741000,1
"1459","NM8123",181000,723000,1
"1460","NS1152",211000,652000,1
"1461","NR2673",126000,673000,1
"1462","NR1655",116000,655000,1
"1463","NM5630",156000,730000,1
"1464","NM8039",180000,739000,1
"1465","NM7431",174000,731000,1
"1466","NR5471",154000,671000,1
"1467","NM6897",168000,797000,1
"1468","NM7600",176000,7e+05,1
"1469","NM7700",177000,7e+05,1
"1470","NR8161",181000,661000,1
"1471","NM9040",190000,740000,1
"1472","NM9644",196000,744000,1
"1473","NM8207",182000,707000,1
"1474","NR3766",137000,666000,1
"1475","NR3877",138000,677000,1
"1476","NR3978",139000,678000,1
"1477","NR4078",140000,678000,1
"1478","NR3673",136000,673000,1
"1479","NR3674",136000,674000,1
"1480","NR3665",136000,665000,1
"1481","NR3776",137000,676000,1
"1482","NR3568",135000,668000,1
"1483","NR3676",136000,676000,1
"1484","NR3574",135000,674000,1
"1485","NR3166",131000,666000,1
"1486","NR3267",132000,667000,1
"1487","NR3467",134000,667000,1
"1488","NR3566",135000,666000,1
"1489","NR3067",130000,667000,1
"1490","NR2764",127000,664000,1
"1491","NR2271",122000,671000,1
"1492","NR2461",124000,661000,1
"1493","NR2672",126000,672000,1
"1494","NR2665",126000,665000,1
"1495","NR3558",135000,658000,1
"1496","NR3346",133000,646000,1
"1497","NR3344",133000,644000,1
"1498","NR3445",134000,645000,1
"1499","NR3044",130000,644000,1
"1500","NR3342",133000,642000,1
"1501","NR4556",145000,656000,1
"1502","NR4655",146000,655000,1
"1503","NR4658",146000,658000,1
"1504","NR4452",144000,652000,1
"1505","NR3867",138000,667000,1
"1506","NR3857",138000,657000,1
"1507","NR4461",144000,661000,1
"1508","NR7599",175000,699000,1
"1509","NR7699",176000,699000,1
"1510","NR3455",134000,655000,1
"1511","NM6800",168000,7e+05,1
"1512","NM6930",169000,730000,1
"1513","NM5548",155000,748000,1
"1514","NM5448",154000,748000,1
"1515","NM5449",154000,749000,1
"1516","NM5549",155000,749000,1
"1517","NM9030",190000,730000,1
"1518","NM8929",189000,729000,1
"1519","NM8827",188000,727000,1
"1520","NM8828",188000,728000,1
"1521","NS0960",209000,660000,1
"1522","NR3561",135000,661000,1
"1523","NR3345",133000,645000,1
"1524","NR3447",134000,647000,1
"1525","NR5977",159000,677000,1
"1526","NR3351",133000,651000,1
"1527","NR3563",135000,663000,1
"1528","NM7129",171000,729000,1
"1529","NM7702",177000,702000,1
"1530","NM7904",179000,704000,1
"1531","NR3746",137000,646000,1
"1532","NR3646",136000,646000,1
"1533","NR3847",138000,647000,1
"1534","NM9931",199000,731000,1
"1535","NM8527",185000,727000,1
"1536","NM8323",183000,723000,1
"1537","NM9930",199000,730000,1
"1538","NN0130",201000,730000,1
"1539","NN0029",2e+05,729000,1
"1540","NM9929",199000,729000,1
"1541","NM9141",191000,741000,1
"1542","NM9444",194000,744000,1
"1543","NM9246",192000,746000,1
"1544","NS0174",201000,674000,1
"1545","NM7304",173000,704000,1
"1546","NM6740",167000,740000,1
"1547","NM7435",174000,735000,1
"1548","NM7535",175000,735000,1
"1549","NM7038",170000,738000,1
"1550","NM6432",164000,732000,1
"1551","NM7335",173000,735000,1
"1552","NM7138",171000,738000,1
"1553","NM6739",167000,739000,1
"1554","NM6243",162000,743000,1
"1555","NM6839",168000,739000,1
"1556","NM5462",154000,762000,1
"1557","NM5220",152000,720000,1
"1558","NR6778",167000,678000,1
"1559","NM7127",171000,727000,1
"1560","NM8716",187000,716000,1
"1561","NM9655",196000,755000,1
"1562","NM7406",174000,706000,1
"1563","NM6433",164000,733000,1
"1564","NM6532",165000,732000,1
"1565","NM7434",174000,734000,1
"1566","NM9833",198000,733000,1
"1567","NM9933",199000,733000,1
"1568","NR7960",179000,660000,1
"1569","NM7412",174000,712000,1
"1570","NM8726",187000,726000,1
"1571","NR8162",181000,662000,1
"1572","NM8628",186000,728000,1
"1573","NR8261",182000,661000,1
"1574","NR8393",183000,693000,1
"1575","NR3490",134000,690000,1
"1576","NR3898",138000,698000,1
"1577","NR3692",136000,692000,1
"1578","NR3592",135000,692000,1
"1579","NR8399",183000,699000,1
"1580","NM7230",172000,730000,1
"1581","NS0961",209000,661000,1
"1582","NM7236",172000,736000,1
"1583","NM7329",173000,729000,1
"1584","NS0457",204000,657000,1
"1585","NM6331",163000,731000,1
"1586","NM6332",163000,732000,1
"1587","NM8727",187000,727000,1
"1588","NM9755",197000,755000,1
"1589","NM8037",180000,737000,1
"1590","NM8139",181000,739000,1
"1591","NM8137",181000,737000,1
"1592","NM7534",175000,734000,1
"1593","NM7513",175000,713000,1
"1594","NM7533",175000,733000,1
"1595","NN0534",205000,734000,1
"1596","NM7512",175000,712000,1
"1597","NM6320",163000,720000,1
"1598","NR3590",135000,690000,1
"1599","NR3589",135000,689000,1
"1600","NR3491",134000,691000,1
"1601","NR3591",135000,691000,1
"1602","NR7472",174000,672000,1
"1603","NM5743",157000,743000,1
"1604","NM6730",167000,730000,1
"1605","NM5054",150000,754000,1
"1606","NM6744",167000,744000,1
"1607","NS0459",204000,659000,1
"1608","NR6596",165000,696000,1
"1609","NM8008",180000,708000,1
"1610","NM4357",143000,757000,1
"1611","NM6531",165000,731000,1
"1612","NM4954",149000,754000,1
"1613","NM5428",154000,728000,1
"1614","NM5530",155000,730000,1
"1615","NR3690",136000,690000,1
"1616","NM4955",149000,755000,1
"1617","NM3819",138000,719000,1
"1618","NM3818",138000,718000,1
"1619","NR3141",131000,641000,1
"1620","NM7920",179000,720000,1
"1621","NM5842",158000,742000,1
"1622","NM4719",147000,719000,1
"1623","NM6631",166000,731000,1
"1624","NM7226",172000,726000,1
"1625","NM8121",181000,721000,1
"1626","NM8701",187000,701000,1
"1627","NM8700",187000,7e+05,1
"1628","NM9133",191000,733000,1
"1629","NM9532",195000,732000,1
"1630","NN0437",204000,737000,1
"1631","NN0026",2e+05,726000,1
"1632","NN0027",2e+05,727000,1
"1633","NM8414",184000,714000,1
"1634","NN0127",201000,727000,1
"1635","NN0126",201000,726000,1
"1636","NR3144",131000,644000,1
"1637","NM5221",152000,721000,1
"1638","NM9733",197000,733000,1
"1639","NM5329",153000,729000,1
"1640","NM5562",155000,762000,1
"1641","NM9632",196000,732000,1
"1642","NM4787",147000,787000,1
"1643","NM4484",144000,784000,1
"1644","NM9845",198000,745000,1
"1645","NM8400",184000,7e+05,1
"1646","NM7602",176000,702000,1
"1647","NM7601",176000,701000,1
"1648","NM7801",178000,701000,1
"1649","NR8095",180000,695000,1
"1650","NR8092",180000,692000,1
"1651","NR2742",127000,642000,1
"1652","NM7005",170000,705000,1
"1653","NM7105",171000,705000,1
"1654","NM4683",146000,783000,1
"1655","NR6881",168000,681000,1
"1656","NM5229",152000,729000,1
"1657","NM4118",141000,718000,1
"1658","NM7937",179000,737000,1
"1659","NM8239",182000,739000,1
"1660","NM8542",185000,742000,1
"1661","NM7334",173000,734000,1
"1662","NM7231",172000,731000,1
"1663","NM5228",152000,728000,1
"1664","NM5723",157000,723000,1
"1665","NR2741",127000,641000,1
"1666","NM7310",173000,710000,1
"1667","NM4024",140000,724000,1
"1668","NM8733",187000,733000,1
"1669","NM5929",159000,729000,1
"1670","NM6525",165000,725000,1
"1671","NM6822",168000,722000,1
"1672","NM6622",166000,722000,1
"1673","NM9533",195000,733000,1
"1674","NN1330",213000,730000,1
"1675","NM8520",185000,720000,1
"1676","NM8720",187000,720000,1
"1677","NM8528",185000,728000,1
"1678","NR5978",159000,678000,1
"1679","NR5979",159000,679000,1
"1680","NR6082",160000,682000,1
"1681","NM7227",172000,727000,1
"1682","NR3895",138000,695000,1
"1683","NM0246",102000,746000,1
"1684","NM0345",103000,745000,1
"1685","NM0245",102000,745000,1
"1686","NM0244",102000,744000,1
"1687","NM0247",102000,747000,1
"1688","NM0145",101000,745000,1
"1689","NR6880",168000,680000,1
"1690","NR8699",186000,699000,1
"1691","NR8698",186000,698000,1
"1692","NR3760",137000,660000,1
"1693","NR3661",136000,661000,1
"1694","NM5730",157000,730000,1
"1695","NM6029",160000,729000,1
"1696","NM6231",162000,731000,1
"1697","NM7030",170000,730000,1
"1698","NM5429",154000,729000,1
"1699","NM6230",162000,730000,1
"1700","NM6130",161000,730000,1
"1701","NM6220",162000,720000,1
"1702","NM6219",162000,719000,1
"1703","NM6021",160000,721000,1
"1704","NM7429",174000,729000,1
"1705","NM5543",155000,743000,1
"1706","NM5829",158000,729000,1
"1707","NM4723",147000,723000,1
"1708","NM1051",110000,751000,1
"1709","NM8401",184000,701000,1
"1710","NM7327",173000,727000,1
"1711","NM9033",190000,733000,1
"1712","NM6221",162000,721000,1
"1713","NM6222",162000,722000,1
"1714","NM0347",103000,747000,1
"1715","NM5119",151000,719000,1
"1716","NR2947",129000,647000,1
"1717","NM5328",153000,728000,1
"1718","NR2943",129000,643000,1
"1719","NM9945",199000,745000,1
"1720","NM8145",181000,745000,1
"1721","NM8604",186000,704000,1
"1722","NM8503",185000,703000,1
"1723","NR4246",142000,646000,1
"1724","NM0346",103000,746000,1
"1725","NR4174",141000,674000,1
"1726","NR4066",140000,666000,1
"1727","NM8221",182000,721000,1
